Rooms;Living_Space;Price;Address;Building_type;Location;possible_collocation;Transport_Index;Population
1;20;1200;Avenue de Riant-Mont 14, 1004 Lausanne;Studio;Lausanne;no;1,5;144365
2,5;48;1670;Avenue d'Echallens 42, 1004 Lausanne;Apartment;Lausanne;yes;1,5;144365
5;108;2506;Rue Elisa-Serment 2 a & b, 1018 Lausanne;Apartment;Lausanne;yes;1,5;144365
3,5;80;2300;Chemin de la Colline 4, 1007 Lausanne;Apartment;Lausanne;yes;1,5;144365
2;57;1800;Avenue de Morges 19, 1004 Lausanne;Apartment;Lausanne;no;1,5;144365
4,5;106;2835;Le Grand-Chemin 112, 1066 Epalinges;Apartment;Epalinges;yes;1,25;9910
2,5;62;2220;Avenue Victor Ruffy 55a, 1012 Lausanne;Apartment;Lausanne;yes;1,5;144365
4;111;3060;Avenue EugŠne Rambert 30, 1005 Lausanne;Apartment;Lausanne;yes;1,5;144365
5;167;5341;Avenue du L‚man 34, 1005 Lausanne;Apartment;Lausanne;yes;1,5;144365
2,5;62;1590;Ch. de Rov‚r‚az 5, 1012 Lausanne;Apartment;Lausanne;yes;1,5;144365
3,5;75;2070;Rue du Champ-du-Bois 6, 1052 Le Mont-sur-Lausanne;Apartment;Lausanne;yes;1,5;144365
2,5;70;2591;Chemin des grandes Roches 7, 1018 Lausanne;Apartment;Lausanne;yes;1,5;144365
1,5;40;1542;Rue de Bourg 21, 1003 Lausanne;Apartment;Lausanne;no;1,5;144365
4;88;3027;1005 Lausanne;Apartment;Lausanne;yes;1,5;144365
2,5;50;2085;1004 Lausanne;Apartment;Lausanne;yes;1,5;144365
4,5;102;3150;Place Chauderon 24, 1003 Lausanne;Apartment;Lausanne;yes;1,5;144365
3,5;82;2550;Route du Pƒquis 33, 1033 Cheseaux-sur-Lausanne;Apartment;Lausanne;yes;1,5;144365
4,5;115;3235;Chemin des Ormeaux 38, 1066 Epalinges;Apartment;Epalinges;yes;1,25;9910
2;90;1580;Avenue de Morges 43, 1004 Lausanne;Apartment;Lausanne;no;1,5;144365
2,5;51;1600;Rue de la pontaise 23, 1000 Lausanne;Apartment;Lausanne;yes;1,5;144365
4,5;114;3740;Rue des Terreaux 4, 1003 Lausanne;Apartment;Lausanne;yes;1,5;144365
6,5;129;3434;Chemin des Croisettes 7, 1066 Epalinges;Apartment;Epalinges;yes;1,25;9910
3,5;88;2900;Route de la FeuillŠre 27, 1010 Lausanne;Apartment;Lausanne;yes;1,5;144365
4,5;109;3440;Rue Voltaire 14, 1006 Lausanne;Apartment;Lausanne;yes;1,5;144365
3;60;1690;Chemin Bois Gentil 51, 1018 Lausanne;Apartment;Lausanne;yes;1,5;144365
2;50;1630;Chemin Bois Gentil 53, 1018 Lausanne;Apartment;Lausanne;no;1,5;144365
2,5;68;1770;Rue Marterey 11, 1000 Lausanne;Apartment;Lausanne;yes;1,5;144365
1,5;34;1538;Route de la FeuillŠre 19, 1010 Lausanne;Apartment;Lausanne;no;1,5;144365
3;72;2750;Rue Adrien-Pichard 9, 1003 Lausanne;Apartment;Lausanne;yes;1,5;144365
4;86;2960;Rue Adrien-Pichard 9, 1003 Lausanne;Apartment;Lausanne;yes;1,5;144365
3,5;104;2225;Rue de la Pontaise 52, 1018 Lausanne;Apartment;Lausanne;yes;1,5;144365
3,5;85;2680;Avenue de Provence 7, 1007 Lausanne;Apartment;Lausanne;yes;1,5;144365
5;143;3580;Rue de la Tour 5, 1004 Lausanne;Apartment;Lausanne;yes;1,5;144365
1,5;74;2200;Rue Voltaire 14, 1006 Lausanne;Apartment;Lausanne;no;1,5;144365
7,5;180;4800;Devin 63, 1012 Lausanne;Apartment;Lausanne;yes;1,5;144365
6;232;7950;Boulevard de Grancy 5, 1006 Lausanne;Apartment;Lausanne;yes;1,5;144365
6,5;145;3400;Av. du Grey 12, 1004 Lausanne;Apartment;Lausanne;yes;1,5;144365
3,5;76;2120;Rue Caroline 8, 1000 Lausanne;Apartment;Lausanne;yes;1,5;144365
3,5;88;2650;Ch. de la Clochatte 106 F, 1052 Le Mont-sur-Lausanne;Apartment;Lausanne;yes;1,5;144365
6;230;7950;Boulevard de Grancy 5, 1006 Lausanne;Apartment;Lausanne;yes;1,5;144365
3;52;2050;Rue des Terreaux 6, 1003 Lausanne;Apartment;Lausanne;yes;1,5;144365
4;163;3510;Chemin du Bois-Murat 26, 1066 Epalinges;Apartment;Epalinges;yes;1,25;9910
2,5;59;2020;Rue Edith Burger 4, 1018 Lausanne;Apartment;Lausanne;yes;1,5;144365
2,5;69;2195;Rue Edith Burger 6, 1018 Lausanne;Apartment;Lausanne;yes;1,5;144365
3,5;138;3770;Chemin de Montelly 15, 1007 Lausanne;Apartment;Lausanne;yes;1,5;144365
4,5;112;3490;Voie du Chariot 5 - 7, 1003 Lausanne;Apartment;Lausanne;yes;1,5;144365
1,5;23;1600;Rue du Petit Rocher 6, 1003 Lausanne;Apartment;Lausanne;no;1,5;144365
4;111;3070;Avenue EugŠne Rambert 30, 1005 Lausanne;Apartment;Lausanne;yes;1,5;144365
4;111;3298;Ch. de Mornex 17, 1003 Lausanne;Apartment;Lausanne;yes;1,5;144365
4,5;109;2920;Champs Meunier 25, 1052 Le Mont-sur-Lausanne;Apartment;Lausanne;yes;1,5;144365
3,5;84;2334;Rue du Tunnel 20, 1005 Lausanne;Apartment;Lausanne;yes;1,5;144365
4;99;2415;Chemin des Pi‚cettes 4, 1052 Le Mont-sur-Lausanne;Apartment;Lausanne;yes;1,5;144365
4,5;199;6665;Ch. de Primerose 15, 1007 Lausanne;Apartment;Lausanne;yes;1,5;144365
4,5;199;6310;Ch. de Primerose 15, 1007 Lausanne;Apartment;Lausanne;yes;1,5;144365
4,5;120;2540;Chemin du Marais 2, 1032 Romanel-sur-Lausanne;Apartment;Lausanne;yes;1,5;144365
6,5;240;7300;Rue du Petit-Chine 18, 1003 Lausanne;Apartment;Lausanne;yes;1,5;144365
4,5;124;3515;Rue Mauborget 12, 1003 Lausanne;Apartment;Lausanne;yes;1,5;144365
4;105;2919;Rue Caroline 17, 1003 Lausanne;Apartment;Lausanne;yes;1,5;144365
5,5;145;5950;Place Bel-Air 1, 1003 Lausanne;Apartment;Lausanne;yes;1,5;144365
4;128;3746;Rue des Terreaux 5, 1003 Lausanne;Apartment;Lausanne;yes;1,5;144365
5,5;145;6160;Place Bel-Air 1, 1003 Lausanne;Apartment;Lausanne;yes;1,5;144365
5;122;3005;Avenue Davel 18, 1004 Lausanne;Apartment;Lausanne;yes;1,5;144365
2,5;65;2280;Rue Edith Burger 4, 1018 Lausanne;Apartment;Lausanne;yes;1,5;144365
3,5;79;3180;Avenue de Sainte-Luce 9, 1003 Lausanne;Apartment;Lausanne;yes;1,5;144365
4,5;102;3665;Avenue de Sainte-Luce 9, 1003 Lausanne;Apartment;Lausanne;yes;1,5;144365
3;97;2560;Chemin de Rionzi 45, 1052 Le Mont-sur-Lausanne;Apartment;Lausanne;yes;1,5;144365
3;97;2810;Chemin de Rionzi 43, 1052 Le Mont-sur-Lausanne;Apartment;Lausanne;yes;1,5;144365
6;150;3300;Avenue de Valmont 16, 1010 Lausanne;Apartment;Lausanne;yes;1,5;144365
4,5;157;3455;Chemin du Devin 58, 1012 Lausanne;Apartment;Lausanne;yes;1,5;144365
1;22;1150;Avenue de Montoie 38, 1007 Lausanne;Studio;Lausanne;no;1,5;144365
4,5;112;4150;Route de Marin 16b, 1000 Lausanne;Apartment;Lausanne;yes;1,5;144365
3,5;90;2700;Avenue Fantaisie 6, 1006 Lausanne;Apartment;Lausanne;yes;1,5;144365
5;109;3657;Rue de l'Ancienne Douane 1, 1003 Lausanne;Apartment;Lausanne;yes;1,5;144365
2,5;62;1745;Av. du Tribunal-F‚d‚ral 40, 1005 Lausanne;Apartment;Lausanne;yes;1,5;144365
5,5;124;2993;Le Grand-Chemin 126, 1066 Epalinges;Apartment;Epalinges;yes;1,25;9910
4,5;118;2915;Av. des Boveresses 78, 1010 Lausanne;Apartment;Lausanne;yes;1,5;144365
3,5;75;2200;Chemin de Maillefer 14, 1018 Lausanne;Apartment;Lausanne;yes;1,5;144365
3,5;80;2290;Chemin des Champs-Meunier 11, 1052 Le Mont-sur-Lausanne;Apartment;Lausanne;yes;1,5;144365
1;20;1515;Chemin des Diablerets 2, 1012 Lausanne;Studio;Lausanne;no;1,5;144365
1;35;1434;Chemin du Devin 47C, 1012 Lausanne;Studio;Lausanne;no;1,5;144365
3,5;116;3910;Rue J.-J.-Cart 8, 1006 Lausanne;Apartment;Lausanne;yes;1,5;144365
2;74;2385;Rue J.-J.-Cart 6, 1006 Lausanne;Apartment;Lausanne;no;1,5;144365
3,5;90;2751;Chemin de Pr‚-Fleuri 6, 1006 Lausanne;Apartment;Lausanne;yes;1,5;144365
4;108;2990;Av. de B‚thusy 91, 1012 Lausanne;Apartment;Lausanne;yes;1,5;144365
3,5;95;2600;Avenue de Gratta-Paille 12, 1018 Lausanne;Apartment;Lausanne;yes;1,5;144365
4;95;2535;Av. de Morges 39, 1004 Lausanne;Apartment;Lausanne;yes;1,5;144365
3,5;87;2620;Rue Mauborget 12, 1003 Lausanne;Apartment;Lausanne;yes;1,5;144365
4,5;120;2540;Chemin du Marais 2, 1032 Romanel-sur-Lausanne;Apartment;Lausanne;yes;1,5;144365
3,5;115;3401;Avenue du L‚man 28, 1005 Lausanne;Apartment;Lausanne;yes;1,5;144365
4,5;102;2660;Av. des Boveresses 78, 1010 Lausanne;Apartment;Lausanne;yes;1,5;144365
3;101;2375;Avenue des Bergi‚res 55, 1004 Lausanne;Apartment;Lausanne;yes;1,5;144365
3;82;2695;Avenue du Mont-d'Or 79, 1007 Lausanne;Apartment;Lausanne;yes;1,5;144365
3;89;2660;Rue Adrien-Pichard 2, 1003 Lausanne;Apartment;Lausanne;yes;1,5;144365
4;100;2740;Chemin du Chalet Pra-Roman 4C, 1000 Lausanne 25;Apartment;Lausanne;yes;1,5;144365
3;70;1950;Av. Pierre-Maurice-Glayre 5, 1005 Lausanne;Apartment;Lausanne;yes;1,5;144365
4,5;100;2650;Chemin de la Source 20, 1032 Romanel-sur-Lausanne;Apartment;Lausanne;yes;1,5;144365
4;129;3170;Rue Cit‚-derriŠre 4, 1005 Lausanne;Apartment;Lausanne;yes;1,5;144365
3,5;107;3000;Place Saint-Fran‡ois 9, 1003 Lausanne;Apartment;Lausanne;yes;1,5;144365
5,5;112;2990;Virgile-Rossel 9, 1012 Lausanne;Apartment;Lausanne;yes;1,5;144365
3,5;104;2720;Place de la Riponne 4, 1005 Lausanne;Apartment;Lausanne;yes;1,5;144365
5;102;3850;Avenue du L‚man 2, 1005 Lausanne;Apartment;Lausanne;yes;1,5;144365
1;28;1430;Avenue du L‚man 53, 1005 Lausanne;Studio;Lausanne;no;1,5;144365
1;24;1290;Avenue de Tivoli 58, 1007 Lausanne;Studio;Lausanne;no;1,5;144365
1,5;52;1790;Chemin de Montolivet 3, 1006 Lausanne;Apartment;Lausanne;no;1,5;144365
3;82;2226;Chemin de la Valleyre 3, 1052 Le Mont-sur-Lausanne;Apartment;Lausanne;yes;1,5;144365
4,5;113;3610;Avenue de Chailly 64A, 1012 Lausanne;Apartment;Lausanne;yes;1,5;144365
1,5;44;1460;Rue de l'Ale 31, 1003 Lausanne;Apartment;Lausanne;no;1,5;144365
3,5;75;2080;Chemin Guillaume-de-Pierrefleur 11, 1004 Lausanne;Apartment;Lausanne;yes;1,5;144365
3,5;80;2330;Chemin Guillaume-de-Pierrefleur 11, 1004 Lausanne;Apartment;Lausanne;yes;1,5;144365
3,5;66;2050;Champ-rond 36B, 1010 Lausanne;Apartment;Lausanne;yes;1,5;144365
4,5;87;2400;Rue Mauborget 3, 1003 Lausanne;Apartment;Lausanne;yes;1,5;144365
3;58;1890;Avenue Flor‚al 1, 1006 Lausanne;Apartment;Lausanne;yes;1,5;144365
3;72;2235;Av. de Chailly 14, 1012 Lausanne;Apartment;Lausanne;yes;1,5;144365
2;53;1870;Rue Saint-Fran‡ois 9, 1003 Lausanne;Apartment;Lausanne;no;1,5;144365
2;39;1410;Avenue des Bergi‚res 59, 1004 Lausanne;Apartment;Lausanne;no;1,5;144365
2;43;1910;Harpe 20B, 1007 Lausanne;Apartment;Lausanne;no;1,5;144365
2;41;1730;Chemin de M‚mise 8, 1018 Lausanne;Apartment;Lausanne;no;1,5;144365
2,5;51;1775;Chemin des Diablerets 16, 1012 Lausanne;Apartment;Lausanne;yes;1,5;144365
2;46;1730;Chemin du Devin 76, 1012 Lausanne;Apartment;Lausanne;no;1,5;144365
4,5;127;3860;Chemin des Charmettes 9, 1003 Lausanne;Apartment;Lausanne;yes;1,5;144365
4,5;83;2590;Chemin Pra-Roman 4A, 1066 Epalinges;Apartment;Epalinges;yes;1,25;9910
3;70;2405;Rue Marterey 19, 1003 Lausanne;Apartment;Lausanne;yes;1,5;144365
2,5;52;1700;Route Aloys-Fauquez 124, 1018 Lausanne;Apartment;Lausanne;yes;1,5;144365
2;54;2024;Rue des Terreaux 10, 1003 Lausanne;Apartment;Lausanne;no;1,5;144365
1,5;41;1600;Chemin de Champ-Rond 36b, 1010 Lausanne;Apartment;Lausanne;no;1,5;144365
3;83;2090;Chemin des Pi‚cettes 4, 1052 Le Mont-sur-Lausanne;Apartment;Lausanne;yes;1,5;144365
3,5;75;1900;Avenue de S‚velin 13 C, 1004 Lausanne;Apartment;Lausanne;yes;1,5;144365
2;50;1490;Rte de Berne 230, 1066 Epalinges;Apartment;Epalinges;no;1,25;9910
2;65;1885;Rue St-Laurent 14, 1003 Lausanne;Apartment;Lausanne;no;1,5;144365
2,5;64;2065;Av. d'Echallens 6, 1004 Lausanne;Apartment;Lausanne;yes;1,5;144365
2;46;1775;Av. de Beaulieu 26, 1004 Lausanne;Apartment;Lausanne;no;1,5;144365
2,5;45;1380;rue de l'Ale 7, 1003 Lausanne;Apartment;Lausanne;yes;1,5;144365
2;59;1615;Avenue de Beaulieu 1, 1004 Lausanne;Apartment;Lausanne;no;1,5;144365
2;52;1906;Av. de Beaulieu 28, 1004 Lausanne;Apartment;Lausanne;no;1,5;144365
1;39;1340;Rue de Bourg 21, 1001 Lausanne;Studio;Lausanne;no;1,5;144365
3,5;82;2335;Av. de Montoie 38, 1007 Lausanne;Apartment;Lausanne;yes;1,5;144365
3,5;80;2395;Av. d'Echallens 6, 1004 Lausanne;Apartment;Lausanne;yes;1,5;144365
2,5;72;2290;Rue du Champ-du-Bois 20, 1052 Le Mont-sur-Lausanne;Apartment;Lausanne;yes;1,5;144365
3,5;70;2100;Avenue de Rumine 5, 1005 Lausanne;Apartment;Lausanne;yes;1,5;144365
2;53;1765;Chemin du Furet 10, 1018 Lausanne;Apartment;Lausanne;no;1,5;144365
3,5;83;2290;Av. d'Echallens 8, 1004 Lausanne;Apartment;Lausanne;yes;1,5;144365
1;47;1370;Route de Berne 111, 1010 Lausanne;Studio;Lausanne;no;1,5;144365
3;85;2320;Av. de Morges 39, 1004 Lausanne;Apartment;Lausanne;yes;1,5;144365
1,5;47;1620;Rue des Terreaux 12, 1003 Lausanne;Apartment;Lausanne;no;1,5;144365
2,5;50;1934;Chemin des Charmettes 9, 1003 Lausanne;Apartment;Lausanne;yes;1,5;144365
2;55;1775;Chemin du Furet 12, 1018 Lausanne;Apartment;Lausanne;no;1,5;144365
3;86;2980;Rue des Terreaux 9, 1003 Lausanne;Apartment;Lausanne;yes;1,5;144365
3;57;1995;Rue de l'Ancienne Douane 3, 1003 Lausanne;Apartment;Lausanne;yes;1,5;144365
2;61;1910;Rue St-Laurent 14, 1003 Lausanne;Apartment;Lausanne;no;1,5;144365
3;85;2340;Av. de Morges 39, 1004 Lausanne;Apartment;Lausanne;yes;1,5;144365
5,5;109;2740;Av. de Chailly 52, 1012 Lausanne;Apartment;Lausanne;yes;1,5;144365
4,5;100;2695;Rue de la Borde 27, 1018 Lausanne;Apartment;Lausanne;yes;1,5;144365
4,5;93;2610;Avenue de France 87, 1004 Lausanne;Apartment;Lausanne;yes;1,5;144365
1;28;1230;Chemin du Rionzi 49, 1052 Le Mont-sur-Lausanne;Studio;Lausanne;no;1,5;144365
2,5;64;2110;Rue Charles Monnard 6, 1003 Lausanne;Apartment;Lausanne;yes;1,5;144365
3,5;79;3200;Avenue de l'Elys‚e 23, 1006 Lausanne;Apartment;Lausanne;yes;1,5;144365
2;84;2695;Chemin de Lucinge 2, 1006 Lausanne;Apartment;Lausanne;no;1,5;144365
4,5;140;3850;Route de Gen‚ve 10, 1033 Cheseaux-sur-Lausanne;Apartment;Lausanne;yes;1,5;144365
4,5;100;3260;Avenue de la Sallaz 58, 1010 Lausanne;Apartment;Lausanne;yes;1,5;144365
4,5;100;3200;Avenue de la Sallaz 58, 1010 Lausanne;Apartment;Lausanne;yes;1,5;144365
2;55;1730;Chemin du Furet 12, 1018 Lausanne;Apartment;Lausanne;no;1,5;144365
2;55;1760;Chemin du Furet 12, 1018 Lausanne;Apartment;Lausanne;no;1,5;144365
2,5;73;2776;Rue du R“tillon 8, 1003 Lausanne;Apartment;Lausanne;yes;1,5;144365
1,5;65;2070;Rue des Terreaux 2, 1003 Lausanne;Apartment;Lausanne;no;1,5;144365
2,5;69;2250;Rue des Terreaux 4, 1003 Lausanne;Apartment;Lausanne;yes;1,5;144365
2,5;58;1940;Avenue de S‚velin 15, 1004 Lausanne;Apartment;Lausanne;yes;1,5;144365
2,5;58;1940;Avenue de S‚velin 15, 1004 Lausanne;Apartment;Lausanne;yes;1,5;144365
1;57;2026;Chemin de Mornex 2, 1003 Lausanne;Studio;Lausanne;no;1,5;144365
1;20;1090;Place du Tunnel, 1005 Lausanne;Studio;Lausanne;no;1,5;144365
1;20;1390;Avenue Collonges, 1004 Lausanne;Studio;Lausanne;no;1,5;144365
3,5;78;2250;Corjons, 1052 Le Mont-sur-Lausanne;Apartment;Lausanne;yes;1,5;144365
1;20;1290;Avenue de Tivoli, 1007 Lausanne;Studio;Lausanne;no;1,5;144365
1;19;1290;Avenue de Mon-Loisir, 1006 Lausanne;Studio;Lausanne;no;1,5;144365
5,5;166;3350;Chemin du Couchant 5, 1052 Le Mont-sur-Lausanne;Apartment;Lausanne;yes;1,5;144365
1;24;2470;Chemin des Epinettes 11, 1007 Lausanne;Studio;Lausanne;no;1,5;144365
1;24;2532;Chemin des Epinettes 11, 1007 Lausanne;Studio;Lausanne;no;1,5;144365
1;23;2428;Chemin des Epinettes 11, 1007 Lausanne;Studio;Lausanne;no;1,5;144365
1;21;900;Chemin du Devin 31, 1012 Lausanne;Studio;Lausanne;no;1,5;144365
1;35;1601;Rue Orient-Ville 2, 1005 Lausanne;Studio;Lausanne;no;1,5;144365
3;84;2250;Avenue de Florimont 6, 1006 Lausanne;Apartment;Lausanne;yes;1,5;144365
4,5;114;3090;Route de la Clochatte 64, 1052 Mont-sur-Lausanne;Apartment;Lausanne;yes;1,5;144365
1,5;24;990;Chemin du Giziaux 7, 1066 Epalinges;Apartment;Epalinges;no;1,25;9910
1;15;1037;Avenue Menthon 16, 1005 Lausanne;Studio;Lausanne;no;1,5;144365
2,5;48;1751;Avenue du Grey 60, 1018 Lausanne;Apartment;Lausanne;yes;1,5;144365
3;74;2543;Ch. de Mornex 17, 1003 Lausanne;Apartment;Lausanne;yes;1,5;144365
1;32;1140;Chemin des Aub‚pines 6, 1004 Lausanne;Studio;Lausanne;no;1,5;144365
1,5;21;995;Route Aloys-Fauquez 122, 1018 Lausanne;Apartment;Lausanne;no;1,5;144365
3;75;2062;Avenue de Tivoli 56, 1007 Lausanne;Apartment;Lausanne;yes;1,5;144365
1;16;1000;Chemin des Rosiers 4, 1004 Lausanne;Studio;Lausanne;no;1,5;144365
1,5;33;1160;Avenue de Valmont 16, 1010 Lausanne;Apartment;Lausanne;no;1,5;144365
2,5;54;1753;Rue des Echelettes 4, 1004 Lausanne;Apartment;Lausanne;yes;1,5;144365
3,5;77;1910;Isabelle de Montolieu 181, 1010 Lausanne;Apartment;Lausanne;yes;1,5;144365
2,5;50;1630;Ch. du Devin 57, 1012 Lausanne;Apartment;Lausanne;yes;1,5;144365
2;50;1193;Avenue Davel 19, 1004 Lausanne;Apartment;Lausanne;no;1,5;144365
1;28;1200;Chemin du Furet 10, 1018 Lausanne;Studio;Lausanne;no;1,5;144365
1;16;1010;Chemin des Rosiers 4, 1004 Lausanne;Studio;Lausanne;no;1,5;144365
2,5;62;1979;Avenue Marc-Dufour 46, 1007 Lausanne;Apartment;Lausanne;yes;1,5;144365
3,5;79;2540;Chemin du Bois-Murat 16, 1066 Epalinges;Apartment;Epalinges;yes;1,25;9910
4,5;97;2620;Av. du Grey 76, 1018 Lausanne;Apartment;Lausanne;yes;1,5;144365
3,5;67;1805;Av. du Grey 76, 1018 Lausanne;Apartment;Lausanne;yes;1,5;144365
3,5;65;1722;Av. du Grey 76, 1018 Lausanne;Apartment;Lausanne;yes;1,5;144365
4,5;199;5965;Ch. de Primerose 15, 1007 Lausanne;Apartment;Lausanne;yes;1,5;144365
3,5;78;1785;Route du Pavement 21, 1018 Lausanne;Apartment;Lausanne;yes;1,5;144365
2,5;74;1805;Av. du Mont-d'Or 55, 1007 Lausanne;Apartment;Lausanne;yes;1,5;144365
1;30;1260;Avenue d'Echallens 110, 1004 Lausanne;Studio;Lausanne;no;1,5;144365
1,5;29;1200;Rue Mercerie 16, 1003 Lausanne;Apartment;Lausanne;no;1,5;144365
3,5;79;2200;Avenue de S‚velin 13 B, 1004 Lausanne;Apartment;Lausanne;yes;1,5;144365
2;38;1655;Avenue de Riant-Mont 8, 1004 Lausanne;Apartment;Lausanne;no;1,5;144365
2;53;1530;Av. de Chailly 52, 1012 Lausanne;Apartment;Lausanne;no;1,5;144365
1;18;1010;Avenue des Bergi‚res 59, 1004 Lausanne;Studio;Lausanne;no;1,5;144365
2,5;57;2030;Av. de Beaulieu 33, 1004 Lausanne;Apartment;Lausanne;yes;1,5;144365
2;51;1630;Avenue Victor-Ruffy 22, 1012 Lausanne;Apartment;Lausanne;no;1,5;144365
2;45;1475;Rue du Bugnon 10, 1005 Lausanne;Apartment;Lausanne;no;1,5;144365
3,5;75;2740;Chemin de la Fauvette 4, 1012 Lausanne;Apartment;Lausanne;yes;1,5;144365
1;27;920;Ch. Bonne-Esp‚rance 10, 1006 Lausanne;Studio;Lausanne;no;1,5;144365
2,5;66;1820;Avenue de Beaulieu 1, 1004 Lausanne;Apartment;Lausanne;yes;1,5;144365
2;38;1625;Avenue de Riant-Mont 8, 1004 Lausanne;Apartment;Lausanne;no;1,5;144365
1,5;14;930;Avenue Menthon 16, 1005 Lausanne;Apartment;Lausanne;no;1,5;144365
1;32;1550;Avenue d'Echallens 42, 1004 Lausanne;Studio;Lausanne;no;1,5;144365
4;99;2520;DerriŠre le Chƒteau 17, 1033 Cheseaux-sur-Lausanne;Apartment;Lausanne;yes;1,5;144365
3,5;84;2560;Avenue Druey 1, 1018 Lausanne;Apartment;Lausanne;yes;1,5;144365
4,5;111;3500;Route de la Clochatte 106, 1052 Le Mont-sur-Lausanne;Apartment;Lausanne;yes;1,5;144365
1;20;2117;Chemin des Epinettes 11, 1007 Lausanne;Studio;Lausanne;no;1,5;144365
1;29;2885;Chemin des Epinettes 11, 1007 Lausanne;Studio;Lausanne;no;1,5;144365
1;17;2013;Chemin des Epinettes 11, 1007 Lausanne;Studio;Lausanne;no;1,5;144365
1;41;1370;Route de Berne 24, 1010 Lausanne;Studio;Lausanne;no;1,5;144365
2;53;1900;Rue Saint-Fran‡ois 9, 1003 Lausanne;Apartment;Lausanne;no;1,5;144365
2;53;1830;Rue Saint-Fran‡ois 9, 1003 Lausanne;Apartment;Lausanne;no;1,5;144365
1;41;1430;Rue des Terreaux 15-23, 1003 Lausanne;Studio;Lausanne;no;1,5;144365
2;71;2490;Ch. des Grandes-Roches 7, 1018 Lausanne;Apartment;Lausanne;no;1,5;144365
3,5;82;2050;Avenue du Grey 38, 1004 Lausanne;Apartment;Lausanne;yes;1,5;144365
5,5;140;4945;Beau-S‚jour 8E, 1003 Lausanne;Apartment;Lausanne;yes;1,5;144365
2;46;1510;Avenue de Morges 68, 1004 Lausanne;Apartment;Lausanne;no;1,5;144365
4;67;2105;Avenue Victor-Ruffy 20, 1012 Lausanne;Apartment;Lausanne;yes;1,5;144365
3;71;1905;Avenue de la Gare 40, 1003 Lausanne;Apartment;Lausanne;yes;1,5;144365
3,5;108;2900;1004 Lausanne;Apartment;Lausanne;yes;1,5;144365
4,5;97;2580;Av. du Grey 76, 1018 Lausanne;Apartment;Lausanne;yes;1,5;144365
2,5;48;1310;Av. du Grey 76, 1018 Lausanne;Apartment;Lausanne;yes;1,5;144365
3;55;1931;Rue du Maupas 63, 1004 Lausanne;Apartment;Lausanne;yes;1,5;144365
3;70;1775;Chemin des Tuileries 9, 1066 Epalinges;Apartment;Epalinges;yes;1,25;9910
3;68;1765;Chemin des Tuileries 13, 1066 Epalinges;Apartment;Epalinges;yes;1,25;9910
2;46;1415;Av. de Collonges 5, 1004 Lausanne;Apartment;Lausanne;no;1,5;144365
2;53;1750;Chemin du Furet 10, 1018 Lausanne;Apartment;Lausanne;no;1,5;144365
3;53;1905;Chemin du Couchant 23, 1007 Lausanne;Apartment;Lausanne;yes;1,5;144365
2;60;1808;Avenue du Denantou 21-23, 1006 Lausanne;Apartment;Lausanne;no;1,5;144365
3,5;78;1820;Rue St-Roch 32, 1004 Lausanne;Apartment;Lausanne;yes;1,5;144365
4;103;3730;1006 Lausanne;Apartment;Lausanne;yes;1,5;144365
4;120;3455;Chemin de Rionzi 45, 1052 Le Mont-sur-Lausanne;Apartment;Lausanne;yes;1,5;144365
3,5;84;2699;Avenue du Grey 60, 1018 Lausanne;Apartment;Lausanne;yes;1,5;144365
1,5;37;1430;Chemin du Couchant 23, 1007 Lausanne;Apartment;Lausanne;no;1,5;144365
2;70;2500;Avenue de Milan 16, 1007 Lausanne;Apartment;Lausanne;no;1,5;144365
3,5;89;2864;Avenue du Grey 62, 1018 Lausanne;Apartment;Lausanne;yes;1,5;144365
3,5;88;2770;Route de la Clochatte 106d, 1052 Le Mont-sur-Lausanne;Apartment;Lausanne;yes;1,5;144365
3,5;90;2419;Avenue du Grey 60, 1018 Lausanne;Apartment;Lausanne;yes;1,5;144365
2,5;58;2050;Avenue de S‚velin 15, 1004 Lausanne;Apartment;Lausanne;yes;1,5;144365
3,5;91;2950;Av. Juste-Olivier 6, 1006 Lausanne;Apartment;Lausanne;yes;1,5;144365
2;78;1880;Rue Marterey 33, 1005 Lausanne;Apartment;Lausanne;no;1,5;144365
5,5;118;5000;Avenue Mon-Repos 32, 1005 Lausanne;Apartment;Lausanne;yes;1,5;144365
4;108;2775;Avenue de S‚velin 4A, 1007 Lausanne;Apartment;Lausanne;yes;1,5;144365
2,5;57;1975;Rue de la Borde 17, 1018 Lausanne;Apartment;Lausanne;yes;1,5;144365
3;72;2230;Chemin de la Fauvette 2, 1012 Lausanne;Apartment;Lausanne;yes;1,5;144365
2,5;46;1760;Rue de la Clochatte 104, 1052 Le Mont-sur-Lausanne;Apartment;Lausanne;yes;1,5;144365
3,5;128;3000;Rue de Bourg 15, 1003 Lausanne;Apartment;Lausanne;yes;1,5;144365
1;22;1350;Route de Berne 2, 1010 Lausanne;Studio;Lausanne;no;1,5;144365
3;67;2290;Chemin de Champ-Soleil 1, 1012 Lausanne;Apartment;Lausanne;yes;1,5;144365
2,5;64;2630;Rue du Flon 12, 1003 Lausanne;Apartment;Lausanne;yes;1,5;144365
2,5;64;2630;Rue du Flon 12, 1003 Lausanne;Apartment;Lausanne;yes;1,5;144365
3;82;1930;Chemin de l'Orio 5a, 1032 Romanel-s-Lausanne;Apartment;Lausanne;yes;1,5;144365
7;240;13600;1007 Lausanne;Apartment;Lausanne;yes;1,5;144365
1;23;1260;Avenue Fr‚d‚ric-Recordon 25, 1004 Lausanne;Studio;Lausanne;no;1,5;144365
3,5;86;2410;1004 Lausanne;Apartment;Lausanne;yes;1,5;144365
3,5;86;2440;Chemin de Chantemerle, 1010 Lausanne;Apartment;Lausanne;yes;1,5;144365
2;48;1420;Chemin des Sauges 12, 1018 Lausanne;Apartment;Lausanne;no;1,5;144365
2;51;1600;Avenue Jomini 10, 1004 Lausanne;Apartment;Lausanne;no;1,5;144365
3;64;1990;Rue Mercerie 20, 1003 Lausanne;Apartment;Lausanne;yes;1,5;144365
2;38;1420;Route de Chavannes 17, 1007 Lausanne;Apartment;Lausanne;no;1,5;144365
3,5;81;2290;Route Aloys-Fauquez 57, 1018 Lausanne;Apartment;Lausanne;yes;1,5;144365
2,5;50;1900;Av. Eglantine 5, 1006 Lausanne;Apartment;Lausanne;yes;1,5;144365
3,5;118;2865;Route du Pavement 48, 1018 Lausanne;Apartment;Lausanne;yes;1,5;144365
3,5;88;2700;Chemin de la Clochatte 106f, 1052 Le Mont-sur-Lausanne;Apartment;Lausanne;yes;1,5;144365
4,5;120;4080;Chemin de Beau-C‚dre 8, 1008 Jouxtens-M‚zery;Apartment;Jouxtens-M‚zery;yes;0,25;1493
4,5;128;3425;Avenue de France 12, 1004 Lausanne;Apartment;Lausanne;yes;1,5;144365
5;103;2965;Av. Mon-Repos 10, 1005 Lausanne;Apartment;Lausanne;yes;1,5;144365
4,5;95;3050;Chemin de B‚r‚e 18a, 1010 Lausanne;Apartment;Lausanne;yes;1,5;144365
2;62;2007;Avenue Victor-Ruffy 55A, 1012 Lausanne;Apartment;Lausanne;no;1,5;144365
2,5;45;1530;Route du Village 1B, 1066 Epalinges;Apartment;Epalinges;yes;1,25;9910
1;89;2128;Rue de la Tour 15, 1004 Lausanne;Studio;Lausanne;no;1,5;144365
2,5;50;1500;Place de Coppoz 2, 1052 Le Mont-sur-Lausanne;Apartment;Lausanne;yes;1,5;144365
2;44;1635;Avenue de Morges 33, 1004 Lausanne;Apartment;Lausanne;no;1,5;144365
7;240;13600;1007 Lausanne;Apartment;Lausanne;yes;1,5;144365
1;48;3362;Chemin des Epinettes 11, 1007 Lausanne;Studio;Lausanne;no;1,5;144365
1,5;38;1890;1006 Lausanne;Apartment;Lausanne;no;1,5;144365
4;130;2900;1005 Lausanne;Apartment;Lausanne;yes;1,5;144365
2,5;56;1640;Chemin des Sauges 18, 1018 Lausanne;Apartment;Lausanne;yes;1,5;144365
2,5;56;1570;Chemin des Sauges 18, 1018 Lausanne;Apartment;Lausanne;yes;1,5;144365
1;25;1200;Rue du Pont 10, 1003 Lausanne;Studio;Lausanne;no;1,5;144365
1;25;2250;Avenue de Chailly 1, 1012 Lausanne;Studio;Lausanne;no;1,5;144365
4,5;109;2420;Rue de Gen‚ve 77, 1004 Lausanne;Apartment;Lausanne;yes;1,5;144365
4,5;104;1820;Av. Victor-Ruffy 55, 1012 Lausanne;Apartment;Lausanne;yes;1,5;144365
5;150;3340;Chemin de la Ratavolar 17, 1000 Lausanne 27;Apartment;Lausanne;yes;1,5;144365
2,5;56;1640;Chemin des Sauges 18, 1018 Lausanne;Apartment;Lausanne;yes;1,5;144365
4,5;93;2730;Avenue de la Sallaz 42, 1010 Lausanne;Apartment;Lausanne;yes;1,5;144365
3,5;81;2290;Route Aloys-Fauquez 57, 1018 Lausanne;Apartment;Lausanne;yes;1,5;144365
3,5;89;2690;Chemin du Sal‚ve 14, 1004 Lausanne;Apartment;Lausanne;yes;1,5;144365
1,5;44;1365;Chemin de la Coudrette 17, 1012 Lausanne;Apartment;Lausanne;no;1,5;144365
3;81;1810;Chemin de Pierrefleur 38, 1004 Lausanne;Apartment;Lausanne;yes;1,5;144365
6;162;3840;Chemin de la Ratavolar 17, 1000 Lausanne 27;Apartment;Lausanne;yes;1,5;144365
2,5;39;1520;Route d' Oron 11, 1010 Lausanne;Apartment;Lausanne;yes;1,5;144365
2,5;46;1910;Rue de la Clochatte 104, 1052 Le Mont-sur-Lausanne;Apartment;Lausanne;yes;1,5;144365
2;50;1590;Chemin de Chissiez 8, 1006 Lausanne;Apartment;Lausanne;no;1,5;144365
4,5;97;2810;Rue de la Clochatte 104, 1052 Le Mont-sur-Lausanne;Apartment;Lausanne;yes;1,5;144365
3,5;71;1890;Rue de la Borde 19, 1018 Lausanne;Apartment;Lausanne;yes;1,5;144365
2,5;55;1480;Avenue de Morges 11B, 1004 Lausanne;Apartment;Lausanne;yes;1,5;144365
4,5;137;3100;Chemin de la Prairie 5b, 1007 Lausanne;Apartment;Lausanne;yes;1,5;144365
4,5;96;2170;Avenue de la Sallaz 9, 1005 Lausanne;Apartment;Lausanne;yes;1,5;144365
5,5;130;4900;1007 Lausanne;Apartment;Lausanne;yes;1,5;144365
1,5;20;1910;Avenue du L‚man 9, 1005 Lausanne;Apartment;Lausanne;no;1,5;144365
3,5;86;2120;1012 Lausanne;Apartment;Lausanne;yes;1,5;144365
1,5;28;2350;Avenue de Montchoisi 53, 1006 Lausanne;Apartment;Lausanne;no;1,5;144365
4,5;113;2420;Rue de Gen‚ve 77 bis, 1004 Lausanne;Apartment;Lausanne;yes;1,5;144365
2;42;1540;Ch. des Sauges 5, 1018 Lausanne;Apartment;Lausanne;no;1,5;144365
3;75;1915;Chemin de Pierrefleur 46, 1004 Lausanne;Apartment;Lausanne;yes;1,5;144365
3,5;133;4500;Av. Fr‚d‚ric-C‚sar-de-la-Harpe 49, 1007 Lausanne;Apartment;Lausanne;yes;1,5;144365
2,5;48;1555;Rue Saint-Martin 36, 1005 Lausanne;Apartment;Lausanne;yes;1,5;144365
3;75;2020;Avenue de Morges 141, 1004 Lausanne;Apartment;Lausanne;yes;1,5;144365
3,5;60;1680;Route de Berne 37, 1010 Lausanne;Apartment;Lausanne;yes;1,5;144365
6,5;174;3850;Avenue du Servan 11, 1006 Lausanne;Apartment;Lausanne;yes;1,5;144365
2;40;2000;Avenue Alexandre Vinet, 1004 Lausanne;Apartment;Lausanne;no;1,5;144365
5,5;109;2519;chemin du boisy 47, 1004 Lausanne;Apartment;Lausanne;yes;1,5;144365
1;16;750;Avenue Louis-Ruchonnet 4, 1003 Lausanne;Studio;Lausanne;no;1,5;144365
1;28;850;Route de Gen‚ve 4, 1033 Cheseaux-sur-Lausanne;Studio;Lausanne;no;1,5;144365
3,5;80;2590;Chemin du Taulard 3, 1032 Romanel-sur-Lausanne;Apartment;Lausanne;yes;1,5;144365
3,5;100;2600;Chemin de Beau-Val 3, 1012 Lausanne;Apartment;Lausanne;yes;1,5;144365
3,5;65;2040;Rue Haldimand 9, 1003 Lausanne;Apartment;Lausanne;yes;1,5;144365
2,5;50;1550;Chemin de Chissiez 5, 1006 Lausanne;Apartment;Lausanne;yes;1,5;144365
1;14;980;Route Aloys-Fauquez 28, 1018 Lausanne;Studio;Lausanne;no;1,5;144365
1;21;1025;Croix-Blanche 42B, 1066 Epalinges;Studio;Epalinges;no;1,25;9910
2,5;50;1890;Chemin de la motte 1, 1018 Lausanne;Apartment;Lausanne;yes;1,5;144365
1;60;950;Rue Bellefontaine 8, 1003 Lausanne;Studio;Lausanne;no;1,5;144365
1;31;1295;Avenue d'Echallens 102, 1004 Lausanne;Studio;Lausanne;no;1,5;144365
3,5;84;2450;Avenue des Boveresses 6, 1010 Lausanne;Apartment;Lausanne;yes;1,5;144365
4,5;100;2450;Pavement 56, 1018 Lausanne;Apartment;Lausanne;yes;1,5;144365
1,5;21;985;Route Aloys-Fauquez 122, 1018 Lausanne;Apartment;Lausanne;no;1,5;144365
5,5;117;2390;Avenue de Valmont 14, 1010 Lausanne;Apartment;Lausanne;yes;1,5;144365
3,5;88;2260;Chemin de Maillefer 137, 1052 Le Mont-sur-Lausanne;Apartment;Lausanne;yes;1,5;144365
5,5;97;2700;Avenue du Grey 43, 1018 Lausanne;Apartment;Lausanne;yes;1,5;144365
1;39;1230;Rue de Gen‚ve 77b, 1004 Lausanne;Studio;Lausanne;no;1,5;144365
2;65;2000;Grangette 67, 1010 Lausanne;Apartment;Lausanne;no;1,5;144365
1,5;32;1210;Avenue d'Ouchy 17, 1004 Lausanne;Apartment;Lausanne;no;1,5;144365
5;100;2500;Chemin du Devin 79, 1012 Lausanne;Apartment;Lausanne;yes;1,5;144365
3,5;72;1980;Chemin Aim‚-Steinlen 5, 1004 Lausanne;Apartment;Lausanne;yes;1,5;144365
1;150;1200;Chemin des Trois-Rois 4, 1005 Lausanne;Studio;Lausanne;no;1,5;144365
1;20;990;route de berne 109, 1010 Lausanne;Studio;Lausanne;no;1,5;144365
4,5;137;3100;Chemin de la Prairie 5B, 1007 Lausanne;Apartment;Lausanne;yes;1,5;144365
3,5;73;1000;Borde 7, 1004 Lausanne;Apartment;Lausanne;yes;1,5;144365
1;14;1095;Route de Sauvabelin 6, 1052 Le Mont-sur-Lausanne;Studio;Lausanne;no;1,5;144365
5;120;3900;Route de la Clochatte 106C, 1052 Le Mont-sur-Lausanne;Apartment;Lausanne;yes;1,5;144365
2,5;56;1980;Chemin de la Motte 1, 1018 Lausanne;Apartment;Lausanne;yes;1,5;144365
1;15;950;Rue Bellefontaine 8, 1003 Lausanne;Studio;Lausanne;no;1,5;144365
1;28;1200;Chemin du Rionzi 39, 1052 Le Mont-sur-Lausanne;Studio;Lausanne;no;1,5;144365
1;37;1365;Rue du Flon 12, 1003 Lausanne;Studio;Lausanne;no;1,5;144365
1,5;33;1190;Avenue de Morges 76, 1004 Lausanne;Apartment;Lausanne;no;1,5;144365
1,5;28;1080;Chemin du Rionzi 39, 1052 Le Mont-sur-Lausanne;Apartment;Lausanne;no;1,5;144365
3,5;80;954;Chemin du Martinet 28, 1007 Lausanne;Apartment;Lausanne;yes;1,5;144365
4,5;100;2600;Avenue d'Echallens 104a, 1004 Lausanne;Apartment;Lausanne;yes;1,5;144365
1;11;550;Cassinette 2, 1018 Lausanne;Studio;Lausanne;no;1,5;144365
1,5;25;1500;Avenue du L‚man 89, 1005 Lausanne;Apartment;Lausanne;no;1,5;144365
1;16;800;Avenue de la d“le 16, 1005 Lausanne;Studio;Lausanne;no;1,5;144365
2;52;1600;Chemin du Cap 3, 1006 Lausanne;Apartment;Lausanne;no;1,5;144365
2;41;1420;Rue des terreaux 6, 1003 Lausanne;Apartment;Lausanne;no;1,5;144365
3,5;85;2120;Pontaise 25, 1018 Lausanne;Apartment;Lausanne;yes;1,5;144365
3,5;80;2400;Avenue de Morges 9, 1004 Lausanne;Apartment;Lausanne;yes;1,5;144365
2,5;93;2620;Rue des C“tes-de-Montbenon 16, 1003 Lausanne;Apartment;Lausanne;yes;1,5;144365
1;55;775;40 Avenue d'Echallens, 1004 Lausanne;Studio;Lausanne;no;1,5;144365
2,5;90;2200;Chemin de mon‚tarisme 19, 1004 Lausanne;Apartment;Lausanne;yes;1,5;144365
1;13;950;Chemin de Chantemerle 15, 1052 Le Mont-sur-Lausanne;Studio;Lausanne;no;1,5;144365
3,5;86;2350;Chemin du devin 8, 1012 Lausanne;Apartment;Lausanne;yes;1,5;144365
3,5;98;3350;Chemin des Mayoresses 63, 1012 Lausanne;Apartment;Lausanne;yes;1,5;144365
3,5;92;2880;Chemin des retraites 11, 1004 Lausanne;Apartment;Lausanne;yes;1,5;144365
3,5;88;3050;Chemin du Couchant 20, 1007 Lausanne;Apartment;Lausanne;yes;1,5;144365
4;88;2750;Avenue du leman 4, 1005 Lausanne;Apartment;Lausanne;yes;1,5;144365
4,5;110;2950;Avenue de Beaumont 52, 1012 Lausanne;Apartment;Lausanne;yes;1,5;144365
2,5;65;1713;Avenue du Parc-de-la-Rouvraie 22, 1018 Lausanne;Apartment;Lausanne;yes;1,5;144365
1;105;1130;Avenue de Valmont 12, 1010 Lausanne;Studio;Lausanne;no;1,5;144365
2,5;65;2220;Avenue Victor Ruffy 55A, 1012 Lausanne;Apartment;Lausanne;yes;1,5;144365
7,5;185;3890;Rte du Signal 21, 1018 Lausanne;Apartment;Lausanne;yes;1,5;144365
2;48;1590;Chemin de Martheray 7, 1033 Cheseaux-sur-Lausanne;Apartment;Lausanne;no;1,5;144365
2,5;43;1590;Chemin de la Lisi‚re 3, 1018 Lausanne;Apartment;Lausanne;yes;1,5;144365
2,5;43;1525;Chemin du Village 35C, 1032 Romanel-sur-Lausanne;Apartment;Lausanne;yes;1,5;144365
3;78;2150;Rte d'Yverdon 10, 1033 Cheseaux-sur-Lausanne;Apartment;Lausanne;yes;1,5;144365
1,5;49;1678;Avenue Druey 13, 1018 Lausanne;Apartment;Lausanne;no;1,5;144365
3,5;104;2714;Chemin de B‚r‚e 4B, 1010 Lausanne;Apartment;Lausanne;yes;1,5;144365
4;129;3170;Cit‚-derriŠre 4, 1005 Lausanne;Apartment;Lausanne;yes;1,5;144365
3,5;80;2454;Avenue de S‚velin 13F, 1004 Lausanne;Apartment;Lausanne;yes;1,5;144365
3,5;96;2345;Av des Boveresses 64, 1010 Lausanne;Apartment;Lausanne;yes;1,5;144365
2;50;1476;Avenue de Morges 161, 1004 Lausanne;Apartment;Lausanne;no;1,5;144365
2,5;58;1650;1005, 1007 Lausanne;Apartment;Lausanne;yes;1,5;144365
3,5;91;2267;Chemin du Vieux CollŠge 7, 1008 Jouxtens-M‚zery;Apartment;Jouxtens-M‚zery;yes;0,25;1493
5,5;120;2850;Avenue Valmont 18, 1010 Lausanne;Apartment;Lausanne;yes;1,5;144365
2;50;1370;Rue de la M‚bre 13, 1033 Cheseaux-sur-Lausanne;Apartment;Lausanne;no;1,5;144365
3;60;2219;Avenue de la D“le 14, 1005 Lausanne;Apartment;Lausanne;yes;1,5;144365
3;72;1950;Petit-Saint-Jean 1, 1003 Lausanne;Apartment;Lausanne;yes;1,5;144365
4,5;100;2950;Chemin de la grangette 81, 1010 Lausanne;Apartment;Lausanne;yes;1,5;144365
3,5;72;2350;1012, 1012 Lausanne;Apartment;Lausanne;yes;1,5;144365
2;68;1590;Ch. de Champ-Soleil 28, 1012 Lausanne;Apartment;Lausanne;no;1,5;144365
3,5;72;1950;Chemin du Grand Champ 1, 1008 Jouxtens-M‚zery;Apartment;Jouxtens-M‚zery;yes;0,25;1493
3,5;90;3950;Florimont 22, 1006 Lausanne;Apartment;Lausanne;yes;1,5;144365
3,5;78;2480;Rte de la Clochatte 56, 1052 Le Mont-sur-Lausanne;Apartment;Lausanne;yes;1,5;144365
2,5;50;2085;Avenue de riant Mont 23, 1004 Lausanne;Apartment;Lausanne;yes;1,5;144365
1;12;890;Chemin du Chalet de Pra Roman 2, 1006 Lausanne ;Studio;Lausanne;no;1,5;144365
3,5;108;2700;Chemin de Renens 30 A, 1004 Lausanne;Apartment;Lausanne;yes;1,5;144365
5,5;127;3050;Route de Gen‚ve 7c, 1033 Cheseaux-sur-Lausanne;Apartment;Lausanne;yes;1,5;144365
2,5;75;1750;Chemin des Epinettes 14, 1007 Lausanne;Apartment;Lausanne;yes;1,5;144365
1;30;1450;Chemin de Bochardon 5, 1012 Lausanne;Studio;Lausanne;no;1,5;144365
1;12;1220;ch. Ramiers 3, 1006 Lausanne;Studio;Lausanne;no;1,5;144365
3,5;89;2900;Avenue Juste-Olivier 8, 1006 Lausanne;Apartment;Lausanne;yes;1,5;144365
1;14;980;Route Aloys Fauquez 28, 1018 Lausanne;Studio;Lausanne;no;1,5;144365
4,5;170;5900;Avenue de B‚thusy 74, 1012 Lausanne;Apartment;Lausanne;yes;1,5;144365
3,5;88;2800;Route de la Clochatte 106, 1052 Le Mont-sur-Lausanne;Apartment;Lausanne;yes;1,5;144365
1;15;850;Rue de Gen‚ve 74100ambilly, 1012 Lausanne;Studio;Lausanne;no;1,5;144365
2,5;84;2789;Rue Caroline, 1003 Lausanne;Apartment;Lausanne;yes;1,5;144365
4,5;116;3390;Chemin de Ball‚gue, 1066 Epalinges;Apartment;Epalinges;yes;1,25;9910
1;104;1206;Avenue du Mont d'or, 1007 Lausanne;Studio;Lausanne;no;1,5;144365
1;120;1250;Route de la Clochatte, 1052 Le Mont-sur-Lausanne;Studio;Lausanne;no;1,5;144365
2;70;2300;1004 Lausanne;Apartment;Lausanne;no;1,5;144365
1;150;1200;Chemin Des Trois Rois, 1005 Lausanne;Studio;Lausanne;no;1,5;144365
2;49;1550;Route Aloys-Fauquez, 1018 Lausanne;Apartment;Lausanne;no;1,5;144365
3,5;100;2130;Chemin de Sous-Mont, 1008 Jouxtens-M‚zery;Apartment;Jouxtens-M‚zery;yes;0,25;1493
3;72;1655;Rochelles, 1008 Jouxtens-M‚zery;Apartment;Jouxtens-M‚zery;yes;0,25;1493
2,5;55;1830;Henri-Druey, 1018 Lausanne;Apartment;Lausanne;yes;1,5;144365
4;95;2420;Avenue de S‚velin 4B, 1007 Lausanne;Apartment;Lausanne;yes;1,5;144365
3,5;70;1795;Chemin d'Entre-Bois 59, 1018 Lausanne;Apartment;Lausanne;yes;1,5;144365
2;50;1400;Rue de l'Industrie, 1005 Lausanne;Apartment;Lausanne;no;1,5;144365
4,5;83;2850;Avenue de la Dole, 1005 Lausanne;Apartment;Lausanne;yes;1,5;144365
2,5;70;1800;Rue Couchirard, 1004 Lausanne;Apartment;Lausanne;yes;1,5;144365
3;57;1610;Avenue de Tivoli 17, 1007 Lausanne;Apartment;Lausanne;yes;1,5;144365
4,5;100;2640;Chemin des meules, 1052 Le Mont-sur-Lausanne;Apartment;Lausanne;yes;1,5;144365
4,5;145;3350;Chemin de Beau-Rivage, 1006 Lausanne;Apartment;Lausanne;yes;1,5;144365
2,5;50;1530;Chemin des Paleyres 16, 1006 Lausanne;Apartment;Lausanne;yes;1,5;144365
2,5;60;2290;Route du pavement, 1018 Lausanne;Apartment;Lausanne;yes;1,5;144365
1;12;600;Chemin de Belmont, 1008 Jouxtens-M‚zery;Studio;Jouxtens-M‚zery;no;0,25;1493
1;10;630;Rue Enning 10, 1003 Lausanne;Studio;Lausanne;no;1,5;144365
2,5;66;2250;Avenue des figuiers, 1007 Lausanne;Apartment;Lausanne;yes;1,5;144365
3,5;61;1653;Chemin du Devin, 1012 Lausanne;Apartment;Lausanne;yes;1,5;144365
1;50;860;place de Sallaz, 1010 Lausanne;Studio;Lausanne;no;1,5;144365
1;60;950;AVENUE RECORDON, 1004 Lausanne;Studio;Lausanne;no;1,5;144365
2,5;60;1811;Avenue de Cour, 1007 Lausanne;Apartment;Lausanne;yes;1,5;144365
1;19;990;Grand mont 15, 1052 Le Mont-sur-Lausanne;Studio;Lausanne;no;1,5;144365
1,5;15;800;Av. De Morges 74, 1004 Lausanne;Apartment;Lausanne;no;1,5;144365
4;130;2950;Passage St-Fran‡ois 2, 1003 Lausanne;Apartment;Lausanne;yes;1,5;144365
2;50;1655;Avenue de la D“le 6, 1005 Lausanne;Apartment;Lausanne;no;1,5;144365
4;94;2800;Chemin EugŠne Grasset, 1000 Lausanne 25;Apartment;Lausanne;yes;1,5;144365
3,5;95;2500;Ch du Rionzi, 1052 Le Mont-sur-Lausanne;Apartment;Lausanne;yes;1,5;144365
2,5;60;1673;Faverges, 1006 Lausanne;Apartment;Lausanne;yes;1,5;144365
5;117;2800;Chemin des Geais 5 A, 1066 Epalinges;Apartment;Epalinges;yes;1,25;9910
1;25;1250;Rue du Pont, 1003 Lausanne;Studio;Lausanne;no;1,5;144365
1;14;850;Route du pavement, 1018 Lausanne;Studio;Lausanne;no;1,5;144365
2,5;50;1400;Chemin de la rosi‚re 17, 1012 Lausanne;Apartment;Lausanne;yes;1,5;144365
1;13;850;Vaud, 1052 Le Mont-sur-Lausanne;Studio;Lausanne;no;1,5;144365
2,5;50;1800;Route de la clochatte, 1052 Le Mont-sur-Lausanne;Apartment;Lausanne;yes;1,5;144365
1,5;38;1410;Chemin de boston, 1004 Lausanne;Apartment;Lausanne;no;1,5;144365
1;20;850;Par du loup 5, 1018 Lausanne;Studio;Lausanne;no;1,5;144365
3,5;70;2070;Chemin de Saugettaz 5, 1033 Cheseaux-sur-Lausanne;Apartment;Lausanne;yes;1,5;144365
3,5;95;2676;chemin de la colline, 1007 Lausanne;Apartment;Lausanne;yes;1,5;144365
4,5;100;3000;1006, 1010 Lausanne;Apartment;Lausanne;yes;1,5;144365
2,5;52;1730;Avenue de France, 1004 Lausanne;Apartment;Lausanne;yes;1,5;144365
1;73;1150;Avenue Victor-Ruffy, 1012 Lausanne;Studio;Lausanne;no;1,5;144365
4,5;142;4000;Chemin Messidor 4, 1006 Lausanne;Apartment;Lausanne;yes;1,5;144365
1,5;25;960;Chemin du Rionzi 51, 1052 Le Mont-sur-Lausanne;Apartment;Lausanne;no;1,5;144365
5,5;120;3690;Avenue Flor‚al, 1006 Lausanne;Apartment;Lausanne;yes;1,5;144365
1;16;900;Chemin de la Tour-Grise, 1007 Lausanne;Studio;Lausanne;no;1,5;144365
3,5;80;2600;S‚velin, 1004 Lausanne;Apartment;Lausanne;yes;1,5;144365
2,5;42;1960;Avenue Bergi‚res 28, 1004 Lausanne;Apartment;Lausanne;yes;1,5;144365
1;46;1000;Avenue de provence, 1004 Lausanne;Studio;Lausanne;no;1,5;144365
1;30;1300;Chemin de la Rosi‚re 17, 1012 Lausanne;Studio;Lausanne;no;1,5;144365
1;14;900;Route du Pavement 7, 1018 Lausanne;Studio;Lausanne;no;1,5;144365
1;83;950;Lausanne, 1004 Lausanne;Studio;Lausanne;no;1,5;144365
1;14;850;Passage Mathias-Mayor 2, 1004 Lausanne;Studio;Lausanne;no;1,5;144365
3,5;80;3590;TIVOLI, 1007 Lausanne;Apartment;Lausanne;yes;1,5;144365
2;50;1430;Avenue Recordon 16, 1004 Lausanne;Apartment;Lausanne;no;1,5;144365
1,5;20;800;Avenue de Valmont 20, 1010 Lausanne;Apartment;Lausanne;no;1,5;144365
3,5;70;1850;Cheseaux sur Lausanne, 1033 Cheseaux-sur-Lausanne;Apartment;Lausanne;yes;1,5;144365
2,5;60;2290;Route de Pavement 48, 1018 Lausanne;Apartment;Lausanne;yes;1,5;144365
5;110;2650;Chemin des Geais 5a, 1066 Epalinges;Apartment;Epalinges;yes;1,25;9910
3,5;100;800;chemin du Muveran 5, 1012 Lausanne;Apartment;Lausanne;yes;1,5;144365
1;25;800;Route d'oron 1, 1010 Lausanne;Studio;Lausanne;no;1,5;144365
5,5;120;3500;Villars-sur-Ollon, 1003 Lausanne;Apartment;Lausanne;yes;1,5;144365
1;18;880;Avenue de Valmont 18, 1010 Lausanne;Studio;Lausanne;no;1,5;144365
1;14;1100;Vers chez les Blanc, 1000 Lausanne 25;Studio;Lausanne;no;1,5;144365
2;72;2400;Lausanne, 1004 Lausanne;Apartment;Lausanne;no;1,5;144365
1,5;41;1600;1006 Lausanne;Apartment;Lausanne;no;1,5;144365
2,5;55;1500;Av de morges, 1004 Lausanne;Apartment;Lausanne;yes;1,5;144365
4,5;140;2850;Ch. De Sor‚cot 4, 1033 Cheseaux-sur-Lausanne;Apartment;Lausanne;yes;1,5;144365
1;27;1300;Chauderon, 1004 Lausanne;Studio;Lausanne;no;1,5;144365
4,5;100;2300;Montchoisi, Lausanne, 1006 Lausanne;Apartment;Lausanne;yes;1,5;144365
1;26;1250;Lausanne, 1003 Lausanne;Studio;Lausanne;no;1,5;144365
1,5;80;2980;Grancy, 1006 Lausanne;Apartment;Lausanne;no;1,5;144365
4;88;2750;1005 Lausanne;Apartment;Lausanne;yes;1,5;144365
4,5;125;2800;1006 Lausanne;Apartment;Lausanne;yes;1,5;144365
4;129;2900;1005 Lausanne;Apartment;Lausanne;yes;1,5;144365
3;59;761;Av. Mont-d'Or 56, 1007 Lausanne;Apartment;Lausanne;yes;1,5;144365
3;59;856;Chemin de Pierreval 15, 1007 Lausanne;Apartment;Lausanne;yes;1,5;144365
3,5;130;2450;Rue du Chasseur 13A, 1008 Jouxtens-M‚zery;Apartment;Jouxtens-M‚zery;yes;0,25;1493
2,5;55;1495;Avenue du Grey, 1018 Lausanne;Apartment;Lausanne;yes;1,5;144365
1;15;990;Mont sur Lausanne, 1052 Le Mont-sur-Lausanne;Studio;Lausanne;no;1,5;144365
1;26;1600;Chemin de la Rochelle, 1008 Jouxtens-M‚zery;Studio;Jouxtens-M‚zery;no;0,25;1493
5,5;136;1920;Chemin de la Colline, 46, 1007 Lausanne;Apartment;Lausanne;yes;1,5;144365
1;80;69;1004, 1004 Lausanne;Studio;Lausanne;no;1,5;144365
1;25;1050;Echallens 7, 1032 Romanel-sur-Lausanne;Studio;Lausanne;no;1,5;144365
1;36;960;Cheseaux sur Lausanne, 1033 Cheseaux-sur-Lausanne;Studio;Lausanne;no;1,5;144365
4,5;106;2800;Champ-du-Bois 24, 1052 Le Mont-sur-Lausanne;Apartment;Lausanne;yes;1,5;144365
4;100;2800;Bussigny, 1004 Lausanne;Apartment;Lausanne;yes;1,5;144365
1;30;750;Place de la Riponne, 1005 Lausanne;Studio;Lausanne;no;1,5;144365
2,5;46;1510;Chailly, 1012 Lausanne;Apartment;Lausanne;yes;1,5;144365
2,5;55;1975;1000 Lausanne 26;Apartment;Lausanne;yes;1,5;144365
4,5;100;2652;1052 Le Mont-sur-Lausanne;Apartment;Lausanne;yes;1,5;144365
1,5;28;1600;1007 Lausanne;Apartment;Lausanne;no;1,5;144365
1;11;1000;Cheseaux sur Lausanne, 1033 Cheseaux-sur-Lausanne;Studio;Lausanne;no;1,5;144365
2,5;70;2000;1003 Lausanne;Apartment;Lausanne;yes;1,5;144365
1;46;1000;1007 Lausanne;Studio;Lausanne;no;1,5;144365
3;60;1710;1004 Lausanne;Apartment;Lausanne;yes;1,5;144365
2,5;67;1920;1012 Lausanne;Apartment;Lausanne;yes;1,5;144365
3,5;102;2145;1018 Lausanne;Apartment;Lausanne;yes;1,5;144365
3,5;80;2800;1008 Jouxtens-M‚zery;Apartment;Jouxtens-M‚zery;yes;0,25;1493
2,5;50;1913;1012 Lausanne;Apartment;Lausanne;yes;1,5;144365
3,5;86;2790;1004 Lausanne;Apartment;Lausanne;yes;1,5;144365
3,5;102;2315;1018 Lausanne;Apartment;Lausanne;yes;1,5;144365
1;12;760;1003 Lausanne;Studio;Lausanne;no;1,5;144365
4,5;100;2970;1007 Lausanne;Apartment;Lausanne;yes;1,5;144365
2;44;1320;1008 Jouxtens-M‚zery;Apartment;Jouxtens-M‚zery;no;0,25;1493
2,5;63;1500;1005 Lausanne;Apartment;Lausanne;yes;1,5;144365
4,5;115;2930;1007 Lausanne;Apartment;Lausanne;yes;1,5;144365
2,5;77;1890;1052 Le Mont-sur-Lausanne;Apartment;Lausanne;yes;1,5;144365
2,5;64;2050;1012 Lausanne;Apartment;Lausanne;yes;1,5;144365
1;20;750;1012 Lausanne;Studio;Lausanne;no;1,5;144365
1;60;650;Lausanne, 1003 Lausanne;Studio;Lausanne;no;1,5;144365
1,5;1;1250;1010 Lausanne;Apartment;Lausanne;no;1,5;144365
1,5;45;1250;1004 Lausanne;Apartment;Lausanne;no;1,5;144365
2;64;1554;1007 Lausanne;Apartment;Lausanne;no;1,5;144365
1,5;30;1400;Chemin du boissonnet, 1010 Lausanne;Apartment;Lausanne;no;1,5;144365
2,5;60;1850;1010 Lausanne;Apartment;Lausanne;yes;1,5;144365
1;25;225;1032 Romanel-sur-Lausanne;Studio;Lausanne;no;1,5;144365
1;13;950;1018 Lausanne;Studio;Lausanne;no;1,5;144365
3,5;95;2500;1052 Le Mont-sur-Lausanne;Apartment;Lausanne;yes;1,5;144365
4,5;150;4450;chemin du bois gentil 44A, 1018 Lausanne;House;Lausanne;yes;1,5;144365
7,5;236;5300;Chemin de la Praz 4, 1052 Le Mont-sur-Lausanne;House;Lausanne;yes;1,5;144365
5,5;180;5000;Rue du village 5, 1066 Epalinges;House;Epalinges;yes;1,25;9910
4,5;120;2750;Chemin de la Gottettaz 26, 1012 Lausanne;House;Lausanne;yes;1,5;144365
8,5;220;6250;Praz-Buchilly 28B, 1066 Epalinges;House;Epalinges;yes;1,25;9910
8;300;6900;Chemin de la Crausaz 9, 1066 Epalinges;House;Epalinges;yes;1,25;9910
7,5;195;5500;Chemin du Tolard 35, 1032 Romanel-sur-Lausanne;House;Lausanne;yes;1,5;144365
4,5;146;4950;Mont d'Or 28, 1007 Lausanne;House;Lausanne;yes;1,5;144365
1;300;7500;Ch. du Petit-Cerisiers 4A, 1066 Epalinges;Studio;Epalinges;no;1,25;9910
10;430;11000;1066 Epalinges;House;Epalinges;no;1,25;9910
5,5;166;3350;Chemin du Couchant 5, 1052 Le Mont-sur-Lausanne;House;Lausanne;yes;1,5;144365
4,5;156;4250;1012 Lausanne;House;Lausanne;yes;1,5;144365
6,5;260;5500;Route du Signal 25, 1018 Lausanne, 1018 Lausanne;House;Lausanne;yes;1,5;144365
7,5;380;5700;Ch. des Rosiers 13, 1052 Le Mont-sur-Lausanne;House;Lausanne;yes;1,5;144365
6;155;4200;Chemin de saux, 1052 Le Mont-sur-Lausanne;House;Lausanne;yes;1,5;144365
4;85;2485;Avenue de Lavaux 36, 1009 Pully;Apartment;Pully;yes;1,25;19298
5;140;4000;Avenue de Rochettaz 38, 1009 Pully;Apartment;Pully;yes;1,25;19298
2,5;38;1640;Avenue des Cerisiers 6, 1009 Pully;Apartment;Pully;yes;1,25;19298
5,5;120;4150;1009 Pully;Apartment;Pully;yes;1,25;19298
3,5;80;3314;Avenue des D‚sertes 21, 1009 Pully;Apartment;Pully;yes;1,25;19298
4;60;2300;1071 Chexbres;Apartment;Chexbres;yes;0,25;2230
4,5;95;3600;1009 Pully;Apartment;Pully;yes;1,25;19298
6,5;134;3830;Chemin des Oisillons 2, 1009 Pully;Apartment;Pully;yes;1,25;19298
5,5;159;6500;Route d' Ouchy 4, 1095 Lutry;Apartment;Lutry;yes;1,25;10796
4,5;147;3250;Route de Flonzaley 5, 1070 Puidoux;Apartment;Puidoux;yes;0,25;3012
3,5;103;4670;Chemin des Crits-des-Pierres 12, 1090 Lutry;Apartment;Lutry;yes;1,25;10796
2,5;48;1623;Chemin des Ramiers 4, 1009 Pully;Apartment;Pully;yes;1,25;19298
3;133;2353;Route de Mollie-Margot 24, 1072 Forel;Apartment;Forel;yes;0,25;2068
4,5;125;3500;Rue du Midi 6, 1009 Pully;Apartment;Pully;yes;1,25;19298
5,5;150;4300;Chemin de Pallin 25, 1009 Pully;Apartment;Pully;yes;1,25;19298
4;110;4440;Chemin de la Colline 25, 1093 Lutry;Apartment;Lutry;yes;1,25;10796
3,5;81;2850;C“tes de la Rosiaz 2, 1009 Pully;Apartment;Pully;yes;1,25;19298
1;111;2270;Route de la Roche 4, 1073 Savigny;Studio;Savigny;no;0,25;3448
3,5;75;2990;Chemin du Signal, 1071 Chexbres;Apartment;Chexbres;yes;0,25;2230
4;147;4510;Route de Taillepied 21-27, 1095 Lutry;Apartment;Lutry;yes;1,25;10796
5;100;2790;Boulevard de la Forit 47, 1009 Pully;Apartment;Pully;yes;1,25;19298
3,5;115;2880;Avenue C.-F. Ramuz 97, 1009 Pully;Apartment;Pully;yes;1,25;19298
2,5;74;1950;Rte de Sallaz 21, 1071 Rivaz;Apartment;Rivaz;yes;0,25;326
2,5;66;2150;Route de Sallaz 21, 1071 Rivaz;Apartment;Rivaz;yes;0,25;326
3,5;80;2520;Jean-Pavillard 16, 1009 Pully;Apartment;Pully;yes;1,25;19298
3,5;75;3600;Chemin du Signal 12, 1070 Puidoux;Apartment;Puidoux;yes;0,25;3012
5,5;174;4600;Fau-Blanc 11, 1009 Pully;Apartment;Pully;yes;1,25;19298
3,5;133;3950;Fau-Blanc 11, 1009 Pully;Apartment;Pully;yes;1,25;19298
3,5;88;2885;Route des Mont-de-Lavaux 460B, 1090 La Croix-sur-Lutry;Apartment;Lutry;yes;1,25;10796
3,5;75;3650;Chemin du Signal, 1071 Chexbres;Apartment;Chexbres;yes;0,25;2230
8;186;4350;Chemin du D‚barcad‚re 4, 1071 Rivaz;Apartment;Rivaz;yes;0,25;326
4,5;129;5100;Chemin du Crit-Ministre 53, 1090 La Croix (Lutry);Apartment;Lutry;yes;1,25;10796
6,5;130;6350;Avenue G‚n‚ral Guisan 34, 1009 Pully;Apartment;Pully;yes;1,25;19298
6,5;180;9500;1096 Cully;Apartment;Cully;yes;0,25;861
3,5;100;3650;R‚sidence 3, 1009 Pully;Apartment;Pully;yes;1,25;19298
3,5;74;2230;Chemin de Ruisselet 20, 1009 Pully;Apartment;Pully;yes;1,25;19298
4,5;79;2290;Chemin de Somais 18, 1009 Pully;Apartment;Pully;yes;1,25;19298
4;93;2425;Chemin de Publoz 36, 1070 Puidoux;Apartment;Puidoux;yes;0,25;3012
2,5;57;2090;Route des Monts-de-Lavaux 3a, 1092 Belmont-sur-Lausanne;Apartment;Lausanne;yes;1,5;144365
6;180;9500;Route de Lausanne 111, 1096 Cully;Apartment;Cully;yes;0,25;861
7,5;220;7260;Route de Belmont 48, 1093 La Conversion;Apartment;Lutry;yes;1,25;10796
5,5;125;2820;Chemin du Moulin 2, 1083 M‚ziŠres VD;Apartment;M‚ziŠres;yes;0,25;3177
6,5;165;5100;Route de Moratel 14, 1096 Cully;Apartment;Cully;yes;0,25;861
1;42;1040;Route de Mollie-Margot 24, 1072 Forel;Studio;Forel;no;0,25;2068
3,5;94;3850;Chemin de Bellingard 2-4, 1095 Lutry;Apartment;Lutry;yes;1,25;10796
2;48;1690;Prieur‚ 6, 1009 Pully;Apartment;Pully;no;1,25;19298
4,5;140;4200;Chemin de Bellingard 14, 1095 Lutry;Apartment;Lutry;yes;1,25;10796
4,5;100;2530;Place du Nord 6, 1071 Chexbres;Apartment;Chexbres;yes;0,25;2230
6;200;4300;Rte de Pal‚zieux 16, 1610 Oron-la-Ville;Apartment;Oron;yes;0;6173
3,5;71;2650;Rochettaz 34, 1009 Pully;Apartment;Pully;yes;1,25;19298
4,5;130;2380;1083 M‚ziŠres VD;Apartment;M‚ziŠres;yes;0,25;3177
4;114;2480;Chemin du Lac-de-Brit 5, 1070 Puidoux;Apartment;Puidoux;yes;0,25;3012
5,5;170;4250;Chemin des Oisillons 1, 1009 Pully;Apartment;Pully;yes;1,25;19298
4,5;129;4590;Chemin de la Jaque, 1095 Lutry;Apartment;Lutry;yes;1,25;10796
5,5;173;5715;Chemin de Rennier 30, 1009 Pully;Apartment;Pully;yes;1,25;19298
6,5;160;3015;Chemin de Villars 23, 1092 Belmont-sur-Lausanne;Apartment;Lausanne;yes;1,5;144365
3,5;95;3075;Ruelle du Croset 10, 1009 Pully;Apartment;Pully;yes;1,25;19298
4;116;3650;Chemin des Ramiers 20, 1009 Pully;Apartment;Pully;yes;1,25;19298
5;129;3650;1092 Belmont-sur-Lausanne;Apartment;Lausanne;yes;1,5;144365
3,5;98;2890;Chemin de Fontanettaz 19, 1009 Pully;Apartment;Pully;yes;1,25;19298
4,5;114;3070;Chemin de Fontanettaz 19, 1009 Pully;Apartment;Pully;yes;1,25;19298
4,5;114;3050;Chemin de Fontanettaz 19, 1009 Pully;Apartment;Pully;yes;1,25;19298
4;84;3280;Avenue de Lavaux 26, 1009 Pully;Apartment;Pully;yes;1,25;19298
5;127;3050;Chemin de Fantaisie 1A, 1009 Pully;Apartment;Pully;yes;1,25;19298
4,5;150;4350;1092 Belmont-sur-Lausanne;Apartment;Lausanne;yes;1,5;144365
6,5;221;3260;1072 Forel (Lavaux);Apartment;Forel;yes;0,25;2068
3;133;2797;1072 Forel (Lavaux);Apartment;Forel;yes;0,25;2068
3,5;70;2488;1094 Paudex;Apartment;Paudex;yes;1,25;1538
3,5;68;3500;Chemin de Prahis 30, 1091 Grandvaux;Apartment;Grandvaux;yes;1,25;91
5,5;115;2550;Route de la Claie-aux-Moines 5, 1073 Savigny;Apartment;Savigny;yes;0,25;3448
4;102;2246;Chemin du Lac-de-Brit 5, 1070 Puidoux;Apartment;Puidoux;yes;0,25;3012
1,5;48;1352;Chemin de l' Ancien-Tram 4, 1083 M‚ziŠres VD;Apartment;M‚ziŠres;no;0,25;3177
5,5;170;4250;1009 Pully;Apartment;Pully;yes;1,25;19298
3,5;81;1885;Route de Lausanne 15, 1610 Oron-la-Ville;Apartment;Oron;yes;0;6173
3,5;90;3400;Route du Burenoz 41, 1092 Belmont-sur-Lausanne;Apartment;Lausanne;yes;1,5;144365
3,5;70;1700;Ch. de la Bioleyre 8, 1078 Essertes;Apartment;Oron;yes;1;6173
3,5;94;2205;Chemin de Margerol 2, 1009 Pully;Apartment;Pully;yes;1,25;19298
3;71;1990;Chemin des Osches 47, 1009 Pully;Apartment;Pully;yes;1,25;19298
5;122;3085;Chemin du Ruisselet 15, 1009 Pully;Apartment;Pully;yes;1,25;19298
4,5;139;7700;1009 Pully;Apartment;Pully;yes;1,25;19298
2,5;66;2150;1071 Rivaz;Apartment;Rivaz;yes;0,25;326
2,5;74;1950;1071 Rivaz;Apartment;Rivaz;yes;0,25;326
4,5;116;3615;1009 Pully;Apartment;Pully;yes;1,25;19298
4,5;125;3950;1009 Pully;Apartment;Pully;yes;1,25;19298
3,5;107;2190;Route de la Claie-aux-Moines 5, 1073 Savigny;Apartment;Savigny;yes;0,25;3448
2;59;1890;Route de la Claie-aux-Moines 7a, 1073 Savigny;Apartment;Savigny;no;0,25;3448
3;90;2730;Route de la Claie-aux-Moines 7a, 1073 Savigny;Apartment;Savigny;yes;0,25;3448
3;91;2630;Route de la Claie-aux-Moines 7a, 1073 Savigny;Apartment;Savigny;yes;0,25;3448
4,5;160;3900;bellinguard 14, 1095 Lutry;Apartment;Lutry;yes;1,25;10796
4,5;117;4300;1091 Grandvaux;Apartment;Grandvaux;yes;1,25;91
1;31;1210;Avenue Guillemin 4, 1009 Pully;Studio;Pully;no;1,25;19298
5,5;215;9300;1009 Pully;Apartment;Pully;yes;1,25;19298
1;80;1000;Rue de la gare 5, 1095 Lutry;Studio;Lutry;no;1,25;10796
4,5;145;3200;Rue davel 30, 1096 Cully;Apartment;Cully;yes;0,25;861
2,5;65;1600;Place du village 3, 1091 Grandvaux;Apartment;Grandvaux;yes;1,25;91
3,5;80;2740;Chemin du P?quis 6, 1092 Belmont-sur-Lausanne;Apartment;Lausanne;yes;1,5;144365
2,5;58;1750;Avenue de Guillemin 20, 1009 Pully;Apartment;Pully;yes;1,25;19298
2,5;74;2400;1093 La Conversion;Apartment;Lutry;yes;1,25;10796
3,5;90;1885;Ferme la tuilliŠre 1, 1073 Savigny;Apartment;Savigny;yes;0,25;3448
2;47;1363;Boulevard de la Forit 33, 1009 Pully;Apartment;Pully;no;1,25;19298
2,5;55;1320;Eden Roc 11, 1073 Savigny;Apartment;Savigny;yes;0,25;3448
3,5;55;1950;Rue du centre 20, Pully, 1009 Pully;Apartment;Pully;yes;1,25;19298
3,5;90;2590;Route de la Corniche 20, 1097 Riex;Apartment;Bourg-en-Lavaux;yes;1,25;5411
2,5;45;1750;Chemin du Manoir 3, 1009 Pully;Apartment;Pully;yes;1,25;19298
4,5;123;2800;Rte de Praz Repos 3, 1084 Carrouge VD;Apartment;M‚ziŠres;yes;0;3177
3,5;115;2600;Av. C.-F. Ramuz 97, 1009 Pully;Apartment;Pully;yes;1,25;19298
6;180;3400;Rte d'Oron 4, 1073 Savigny;Apartment;Savigny;yes;0,25;3448
4,5;80;1780;Chemin de la Paisible 5, Oron-La-Ville, 1610 Oron-la-Ville;Apartment;Oron;yes;0;6173
3,5;80;2080;Route de la Corniche 109, 1098 Epesses;Apartment;Bourg-en-Lavaux;yes;1,25;5411
1,5;33;1150;Ch le clos du brit 5, 1083 M‚ziŠres VD;Apartment;M‚ziŠres;no;0,25;3177
4,5;150;3800;Rte de Chenaux 2, 1091 Chenaux;Apartment;Oron;yes;1;6173
5,5;168;5195;Chemin de Rennier 30, 1009 Pully;Apartment;Pully;yes;1,25;19298
2,5;53;1950;Av des deux Ponts 12, 1009 Pully;Apartment;Pully;yes;1,25;19298
3,5;95;2550;Ch du Liaudoz 2, 1009 Pully;Apartment;Pully;yes;1,25;19298
1;21;1200;Route des Monts-de-Lavaux 31, 1092 Belmont-sur-Lausanne;Studio;Lausanne;no;1,5;144365
4,5;100;1650;Le Bourg 6, 1610 Chƒtillens;Apartment;Oron;yes;1;6173
3,5;70;1900;Chemin du Chaney 5, 1610 Chƒtillens;Apartment;Oron;yes;1;6173
1;12;1350;19 Chemin de Chauderon, 1091 Chenaux;Studio;Oron;no;1;6173
3,5;64;1540;10 route de Bossonnens, 1607 Pal‚zieux-Village;Apartment;Oron;yes;1;6173
2,5;57;2400;avenue G‚n‚ral Guisan, 6, 1009 Pully;Apartment;Pully;yes;1,25;19298
5,5;166;5740;1095 Lutry;Apartment;Lutry;yes;1,25;10796
2;55;1460;Grand rue 4 Chexbres, 1071 Chexbres;Apartment;Chexbres;no;0,25;2230
2,5;80;2045;Route de la Claie-aux-Moines 216, 1090 La Croix (Lutry);Apartment;Lutry;yes;1,25;10796
3,5;77;1540;Chemin des An‚mones, 1607 Pal‚zieux;Apartment;Oron;yes;1;6173
2,5;65;1950;Chemin du Burquenet 27, 1095 Lutry;Apartment;Lutry;yes;1,25;10796
3,5;84;2405;Route de Mollie-Margot 43, 1073 Mollie-Margot;Apartment;Savigny;yes;0,25;3448
2,5;60;1500;Ch du Rocher 29, 1071 St-Saphorin (Lavaux);Apartment;St-Saphorin;yes;0,25;391
3,5;100;3800;Lutry, 1095 Lutry;Apartment;Lutry;yes;1,25;10796
2,5;50;1650;Belmont-sur-Lausanne, 1092 Belmont-sur-Lausanne;Apartment;Lausanne;yes;1,5;144365
2;40;1620;Ch. du Vallon, 1093 La Conversion;Apartment;Lutry;no;1,25;10796
4,5;90;2825;Boulevard de la Forit 33, 1009 Pully;Apartment;Pully;yes;1,25;19298
3,5;94;2300;1610 Oron;Apartment;Oron;yes;1;6173
2,5;78;1850;Chexbres, 1071 Chexbres;Apartment;Chexbres;yes;0,25;2230
2;36;938;Savigny, 1073 Savigny;Apartment;Savigny;no;0,25;3448
5;129;3950;Belmont, 1092 Belmont-sur-Lausanne;Apartment;Lausanne;yes;1,5;144365
1;21;650;Grandvaux, 1091 Grandvaux;Studio;Grandvaux;no;1,25;91
3,5;85;2074;Chemin du Caudoz, 1009 Pully;Apartment;Pully;yes;1,25;19298
2,5;56;2150;Route de Cossonay, 1095 Lutry;Apartment;Lutry;yes;1,25;10796
1;22;835;Rue de la gare, 1091 Chenaux;Studio;Oron;no;1;6173
4,5;86;2300;Pully, 1009 Pully;Apartment;Pully;yes;1,25;19298
2;40;1500;Avenue du Prieur‚, 1009 Pully;Apartment;Pully;no;1,25;19298
1;27;1521;Route du Simplon 7, 1094 Paudex;Studio;Paudex;no;1,25;1538
2;45;1900;Rue de la justice 5, 1096 Cully;Apartment;Cully;no;0,25;861
3,5;65;1690;M‚ziŠres, 1083 M‚ziŠres VD;Apartment;M‚ziŠres;yes;0,25;3177
4;116;3600;Chemin des Ramiers, 1009 Pully;Apartment;Pully;yes;1,25;19298
2;67;1782;Chemin du Coteau, 1009 Pully;Apartment;Pully;no;1,25;19298
6;160;3175;Chemin de Villars, 1092 Belmont-sur-Lausanne;Apartment;Lausanne;yes;1,5;144365
4,5;130;2200;Chemin du Crit 11, 1083 M‚ziŠres VD;Apartment;M‚ziŠres;yes;0,25;3177
3,5;85;2250;Grandvaux, 1091 Grandvaux;Apartment;Grandvaux;yes;1,25;91
1;100;1200;charrettaz, paudex, 1094 Paudex;Studio;Paudex;no;1,25;1538
3,5;104;2140;Rte Du Burenoz 39, 1092 Belmont-sur-Lausanne;Apartment;Lausanne;yes;1,5;144365
1,5;42;1300;Boulevard de la forit, 1009 Pully;Apartment;Pully;no;1,25;19298
3,5;104;1940;Route du Burenoz 39, 1092 Belmont-sur-Lausanne;Apartment;Lausanne;yes;1,5;144365
2,5;65;2100;Lutry, 1095 Lutry;Apartment;Lutry;yes;1,25;10796
2,5;58;2258;Belmont sur Lausanne, 1092 Belmont-sur-Lausanne;Apartment;Lausanne;yes;1,5;144365
1;30;1080;Savigny Claie aux Moins, 1073 Savigny;Studio;Savigny;no;0,25;3448
3;100;1750;Savigny, 1073 Savigny;Apartment;Savigny;yes;0,25;3448
3;80;2000;Ruelle Jean-Villard Gilles, 1071 St-Saphorin (Lavaux);Apartment;St-Saphorin;yes;0,25;391
4;144;4500;Ch.de la P‚raulaz, 1093 La Conversion;Apartment;Lutry;yes;1,25;10796
1;200;9250;Route du Signal 34, 1091 Grandvaux;Studio;Grandvaux;no;1,25;91
1,5;35;1500;Charrerette, 1091 Chenaux;Apartment;Oron;no;1;6173
4,5;87;2400;1610 Oron;Apartment;Oron;yes;1;6173
2,5;49;1600;1610 Oron;Apartment;Oron;yes;1;6173
3,5;64;2000;1610 Oron;Apartment;Oron;yes;1;6173
3,5;80;2080;1098 Epesses;Apartment;Bourg-en-Lavaux;yes;1,25;5411
2,5;50;1450;En Bons Voisins, 1071 Rivaz;Apartment;Rivaz;yes;0,25;326
4,5;89;2400;1610 Oron;Apartment;Oron;yes;1;6173
1,5;33;1585;1091 Chenaux;Apartment;Oron;no;1;6173
1;26;1330;1091 Chenaux;Studio;Oron;no;1;6173
3,5;85;2700;1091 Chenaux;Apartment;Oron;yes;1;6173
3,5;85;2074;Chemin du Caudoz, 1009 Pully;Apartment;Pully;yes;1,25;19298
4,5;130;3800;1093 La Conversion;Apartment;Lutry;yes;1,25;10796
2,5;74;2799;1093 La Conversion;Apartment;Lutry;yes;1,25;10796
2,5;45;1400;Route de Pal‚zieux 19B, 1610 Oron-la-Ville;Apartment;Oron;yes;0;6173
4,5;120;2500;Vaud, 1607 Pal‚zieux-Village;Apartment;Oron;yes;1;6173
4,5;95;1300;1610 Chƒtillens;Apartment;Oron;yes;1;6173
1,5;27;780;1071 St-Saphorin (Lavaux);Apartment;St-Saphorin;no;0,25;391
4;122;4500;1009 Pully;Apartment;Pully;yes;1,25;19298
1,5;35;1335;1091 Chenaux;Apartment;Oron;no;1;6173
1;26;1330;1091 Chenaux;Studio;Oron;no;1;6173
1;80;800;1009 Pully;Studio;Pully;no;1,25;19298
1;12;785;1091 Chenaux;Studio;Oron;no;1;6173
5,5;170;4250;1009 Pully;Apartment;Pully;yes;1,25;19298
1;25;1000;1071 St-Saphorin (Lavaux);Studio;St-Saphorin;no;0,25;391
1;13;700;1091 Chenaux;Studio;Oron;no;1;6173
1;27;1000;Pully, 1009 Pully;Studio;Pully;no;1,25;19298
4,5;100;2600;1009 Pully;Apartment;Pully;yes;1,25;19298
1;14;600;1077 Servion;Studio;Servion;no;0,25;2172
6;200;4850;Chemin des Villas 19, 1095 Lutry;House;Lutry;yes;1,25;10796
1;114;5900;Avenue C.F. Ramuz 22, 1009 Pully;Studio;Pully;no;1,25;19298
5;145;3860;Chemin des Grands-Champs, 1092 Belmont-sur-Lausanne;House;Lausanne;yes;1,5;144365
6,5;200;3750;Rue du Bourg, 1071 Chexbres;House;Chexbres;yes;0,25;2230
6;171;6000;Chemin du Grand Pin 12, 1094 Paudex;House;Paudex;yes;1,25;1538
7;250;4500;Grandvaux, 1091 Grandvaux;House;Grandvaux;yes;1,25;91
3;100;2990;Lutry, 1095 Lutry;House;Lutry;yes;1,25;10796
6;217;5300;1095 La Croix (Lutry);House;Lutry;yes;1,25;10796
5;140;5500;1009 Pully;House;Pully;yes;1,25;19298
6;160;8000;1093 La Conversion;House;Lutry;yes;1,25;10796
1,5;35;1030;1022 Chavannes-prŠs-Renens;Apartment;Renens;no;1,5;21466
4,5;98;2931;Av. des Cerisiers 2, 1023 Crissier;Apartment;Crissier;yes;1,5;9327
4,5;129;3150;Chemin de Belle Vue 12, 1020 Renens;Apartment;Renens;yes;1,5;21466
1;19;1205;Avenue du Temple 1-3, 1020 Renens VD;Studio;Renens;no;1,5;21466
2;55;1585;Route de Cossonay 1Bis, 1008 Prilly;Apartment;Prilly;no;1,5;12439
3;82;2225;Chemin de Mochettaz 12b, 1030 Bussigny-Lausanne;Apartment;Lausanne;yes;1,5;144365
3,5;75;2260;Rue du Chine 42, 1020 Renens VD;Apartment;Renens;yes;1,5;21466
2,5;53;1730;Rue du Centre 7, 1030 Bussigny-Lausanne;Apartment;Lausanne;yes;1,5;144365
3;98;7999;Sur la Croix 84, 1020 Renens VD;Apartment;Renens;yes;1,5;21466
2;48;1702;Chemin de Corjon 2, 1020 Renens;Apartment;Renens;no;1,5;21466
2;36;1095;Ch. de Veilloud 11, 1024 Ecublens;Apartment;Ecublens;no;1,5;13334
2;46;1190;Rue de Crissier 10, 1020 Renens;Apartment;Renens;no;1,5;21466
3,5;64;2575;Avenue du Temple 1-3, 1020 Renens VD;Apartment;Renens;yes;1,5;21466
5,5;125;3480;Rue de Lausanne 52 B, 1030 Bussigny;Apartment;Bussigny;yes;1,25;10645
4,5;93;2580;Place de la ClairiŠre 11, 1023 Crissier;Apartment;Crissier;yes;1,5;9327
5,5;141;3420;Chemin de la Mochettaz 10, 1030 Bussigny-prŠs-Lausanne;Apartment;Lausanne;yes;1,5;144365
4,5;105;2795;Chemin de la Savonnerie 4, 1030 Bussigny;Apartment;Bussigny;yes;1,25;10645
4,5;102;2630;Rue des Haies-Vives 5, 1023 Crissier;Apartment;Crissier;yes;1,5;9327
3,5;79;1940;Rue de Lausanne 21, 1020 Renens VD;Apartment;Renens;yes;1,5;21466
5,5;120;3210;Place de la ClairiŠre 11, 1023 Crissier;Apartment;Crissier;yes;1,5;9327
1;19;1170;Avenue du Temple 1-3, 1020 Renens VD;Studio;Renens;no;1,5;21466
1;16;1095;Avenue du Temple 1-3, 1020 Renens VD;Studio;Renens;no;1,5;21466
4,5;153;4650;Rue du Centre 39, 1025 Saint-Sulpice;Apartment;Saint-Sulpice;yes;1,25;5138
4,5;98;2545;Chemin de la Mochettaz 10, 1030 Bussigny-prŠs-Lausanne;Apartment;Lausanne;yes;1,5;144365
3;74;1950;Avenue de Jolimont 7, 1008 Prilly;Apartment;Prilly;yes;1,5;12439
3,5;68;2020;Rue de Cossonay 192Bis, 1020 Renens;Apartment;Renens;yes;1,5;21466
3,5;76;2499;All‚e des CŠdres 4, 1022 Chavannes-prŠs-Renens;Apartment;Renens;yes;1,5;21466
4,5;85;2380;Avenue de Censuy 24, 1020 Renens VD;Apartment;Renens;yes;1,5;21466
4,5;100;27780;Rue de la Mouline 4, 1022 Chavannes-Renens;Apartment;Renens;yes;1,5;21466
3,5;96;2470;Chemin du Croset 10, 1024 Ecublens;Apartment;Ecublens;yes;1,5;13334
3,5;93;2450;Ch. du Croset 11, 1024 Ecublens VD;Apartment;Ecublens;yes;1,5;13334
3,5;93;2450;Ch. du Croset 11, 1024 Ecublens VD;Apartment;Ecublens;yes;1,5;13334
4;78;2140;Avenue du Tir-F‚d‚ral 81, 1022 Chavannes-Renens;Apartment;Renens;yes;1,5;21466
3,5;81;2130;Avenue de Flor‚al 34, 1008 Prilly;Apartment;Prilly;yes;1,5;12439
2,5;62;1630;Avenue du Chablais 43, 1008 Prilly;Apartment;Prilly;yes;1,5;12439
3,5;76;2414;All‚e des CŠdres 7, 1022 Chavannes-prŠs-Renens;Apartment;Renens;yes;1,5;21466
3,5;79;2350;Route du Bois 59, 1024 Ecublens VD;Apartment;Ecublens;yes;1,5;13334
4;106;2956;Chemin des Jonchets 3, 1030 Bussigny;Apartment;Bussigny;yes;1,25;10645
3,5;85;2690;Rue de Ley Outre 6, 1023 Crissier;Apartment;Crissier;yes;1,5;9327
5,5;139;2780;Avenue du Chƒteau 5, 1008 Prilly;Apartment;Prilly;yes;1,5;12439
3,5;87;2350;Chavannes-R. Dorigny, 1022 Chavannes-prŠs-Renens;Apartment;Renens;yes;1,5;21466
3,5;112;2770;Route de la Plaine 6, 1022 Chavannes-Renens;Apartment;Renens;yes;1,5;21466
3,5;92;2510;Chemin de la Chi‚saz 7, 1024 Ecublens (VD);Apartment;Ecublens;yes;1,5;13334
3,5;85;2415;Route Cantonale 61, 1025 Saint-Sulpice;Apartment;Saint-Sulpice;yes;1,25;5138
4,5;112;2780;Chemin des Jonchets 1, 1030 Bussigny;Apartment;Bussigny;yes;1,25;10645
3,5;74;1720;Avenue de la Piscine 8, 1020 Renens;Apartment;Renens;yes;1,5;21466
4,5;106;2670;Chemin de la Mochettaz 4, 1030 Bussigny-prŠs-Lausanne;Apartment;Lausanne;yes;1,5;144365
3;65;1755;Chemin de Bourg-Dessus 12, 1020 Renens VD;Apartment;Renens;yes;1,5;21466
3;77;2214;Chemin des Jonchets 6, 1030 Bussigny;Apartment;Bussigny;yes;1,25;10645
2,5;56;1580;Avenue du Chablais 43, 1008 Prilly;Apartment;Prilly;yes;1,5;12439
3,5;82;2605;Route de Cossonay 57, 1008 Prilly;Apartment;Prilly;yes;1,5;12439
2;45;1325;Ch. du Vieux-CollŠge 14, 1008 Prilly;Apartment;Prilly;no;1,5;12439
2,5;43;1500;Avenue de Longemalle 7, 1020 Renens VD;Apartment;Renens;yes;1,5;21466
3;70;2210;Chemin des C“tes 3, 1020 Renens;Apartment;Renens;yes;1,5;21466
2,5;63;1830;Chemin du Croset 8, 1024 Ecublens;Apartment;Ecublens;yes;1,5;13334
1;65;1870;Bochet 22, 1024 Ecublens (VD);Studio;Ecublens;no;1,5;13334
2,5;64;1750;Chemin du Croset 6, 1024 Ecublens;Apartment;Ecublens;yes;1,5;13334
3,5;90;2355;Chemin de Cocagne 57, 1030 Bussigny;Apartment;Bussigny;yes;1,25;10645
3,5;79;2225;Chemin des Jonchets 16, 1030 Bussigny;Apartment;Bussigny;yes;1,25;10645
3,5;85;2640;Avenue de la Gare 73, 1022 Chavannes-prŠs-Renens;Apartment;Renens;yes;1,5;21466
3,5;74;2720;En Baumettaz 6, 1023 Crissier;Apartment;Crissier;yes;1,5;9327
4,5;115;2950;Route de Neuchƒtel 26, 1008 Prilly;Apartment;Prilly;yes;1,5;12439
1,5;12;1390;Rue des M‚tiers, 1008 Prilly;Apartment;Prilly;no;1,5;12439
1,5;23;1550;Place de la Bourse aux Fleurs, 1022 Chavannes-prŠs-Renens;Apartment;Renens;no;1,5;21466
1;20;1290;Chemin des Sous-Bois, 1023 Crissier;Studio;Crissier;no;1,5;9327
4,5;115;2760;Ch. du Croset 11, 1024 Ecublens VD;Apartment;Ecublens;yes;1,5;13334
1;43;2875;Route de Vallaire 2, 1025 Saint-Sulpice;Studio;Saint-Sulpice;no;1,25;5138
2,5;46;1510;Chemin des P‚pini‚res 5, 1020 Renens VD;Apartment;Renens;yes;1,5;21466
1;21;1050;Av. de la Rochelle 2, 1008 Prilly;Studio;Prilly;no;1,5;12439
4,5;93;2820;chemin du Belv‚dŠre 12, 1030 Bussigny;Apartment;Bussigny;yes;1,25;10645
1;27;1350;Rte de Cossonay 25 (Flor‚al 4), 1008 Prilly;Studio;Prilly;no;1,5;12439
3;68;1820;Rue de la Blancherie 18, 1022 Chavannes-prŠs-Renens;Apartment;Renens;yes;1,5;21466
4,5;87;2605;Chemin en Craux 20, 1030 Bussigny;Apartment;Bussigny;yes;1,25;10645
3,5;69;2140;Chemin en Craux 20, 1030 Bussigny;Apartment;Bussigny;yes;1,25;10645
2,5;54;1755;Chemin en Craux 20, 1030 Bussigny;Apartment;Bussigny;yes;1,25;10645
1;39;1630;Avenue de la Vallombreuse 55, 1008 Prilly;Studio;Prilly;no;1,5;12439
3,5;89;2760;Chemin du Russel 3 B, 1025 St-Sulpice;Apartment;Saint-Sulpice;yes;1,25;5138
3,5;74;2020;Chemin de Broye 24, 1020 Renens VD;Apartment;Renens;yes;1,5;21466
2;73;2080;Rue des Alpes 59, 1023 Crissier;Apartment;Crissier;no;1,5;9327
3,5;72;2600;Chemin de Tout-Vent 1, 1023 Crissier;Apartment;Crissier;yes;1,5;9327
2,5;51;1632;Rue de l'Industrie 23, 1030 Bussigny-prŠs-Lausanne;Apartment;Lausanne;yes;1,5;144365
4,5;135;3450;Route du Mont 1, 1008 Prilly;Apartment;Prilly;yes;1,5;12439
1;21;1410;Chemin de la Forit 14, 1024 Ecublens;Studio;Ecublens;no;1,5;13334
2,5;58;2004;Route de Cossonay 55, 1008 Prilly;Apartment;Prilly;yes;1,5;12439
3,5;74;2570;En Baumettaz 6, 1023 Crissier;Apartment;Crissier;yes;1,5;9327
3,5;70;1910;Ch. de la Grand-Vigne 8, 1008 Prilly;Apartment;Prilly;yes;1,5;12439
2,5;71;2260;Chemin du Parc 3a, 1030 Bussigny;Apartment;Bussigny;yes;1,25;10645
3,5;94;2300;Chemin de l'Union 7, 1008 Prilly;Apartment;Prilly;yes;1,5;12439
3,5;87;3160;Avenue de la Gare 55 C, 1022 Chavannes-Renens;Apartment;Renens;yes;1,5;21466
1;15;1743;Route de Vallaire 2, 1025 Saint-Sulpice;Studio;Saint-Sulpice;no;1,25;5138
2,5;54;1410;Rue du Simplon 32A, 1020 Renens VD;Apartment;Renens;yes;1,5;21466
5,5;84;2030;Rue du Simplon 32D, 1020 Renens VD;Apartment;Renens;yes;1,5;21466
3,5;76;1820;Rue du Simplon 32C, 1020 Renens VD;Apartment;Renens;yes;1,5;21466
2,5;64;1667;Avenue du Censuy 14, 1020 Renens;Apartment;Renens;yes;1,5;21466
4,5;94;2600;All‚e des CŠdres 14, 1022 Chavannes-Renens;Apartment;Renens;yes;1,5;21466
3,5;78;2235;Chemin de Champ-Colomb 5B, 1024 Ecublens VD;Apartment;Ecublens;yes;1,5;13334
1;20;1025;Chemin de la Colline 20, 1023 Crissier;Studio;Crissier;no;1,5;9327
1;19;1025;Chemin de la Colline 20, 1023 Crissier;Studio;Crissier;no;1,5;9327
1;21;960;Av. Rochelle 20, 1008 Prilly;Studio;Prilly;no;1,5;12439
1,5;37;1205;Av. Rochelle 16, 1008 Prilly;Apartment;Prilly;no;1,5;12439
2,5;60;1715;Chemin du Croset 10, 1024 Ecublens;Apartment;Ecublens;yes;1,5;13334
3,5;67;1770;Av. de la Rochelle 8, 1008 Prilly;Apartment;Prilly;yes;1,5;12439
2,5;57;1510;Av. Rochelle 22, 1008 Prilly;Apartment;Prilly;yes;1,5;12439
1;21;1500;Chemin de la Forit 14, 1024 Ecublens;Studio;Ecublens;no;1,5;13334
1,5;37;1265;Av. Rochelle 18, 1008 Prilly;Apartment;Prilly;no;1,5;12439
3,5;72;1790;Av. Rochelle 16, 1008 Prilly;Apartment;Prilly;yes;1,5;12439
1;24;1065;Av. de la Rochelle 8, 1008 Prilly;Studio;Prilly;no;1,5;12439
3,5;83;2500;Avenue de la Gare 63B, 1022 Chavannes-prŠs-Renens;Apartment;Renens;yes;1,5;21466
2,5;55;2000;Route de Cossonay 96, 1008 Prilly;Apartment;Prilly;yes;1,5;12439
4,5;121;3000;Chemin du Vieux-CollŠge 7, 1008 Prilly;Apartment;Prilly;yes;1,5;12439
2;44;3900;1025 St-Sulpice VD;Apartment;Saint-Sulpice;no;1,25;5138
1,5;24;2350;1025 St-Sulpice VD;Apartment;Saint-Sulpice;no;1,25;5138
2,5;46;3500;1025 St-Sulpice VD;Apartment;Saint-Sulpice;yes;1,25;5138
2,5;55;2000;Route de Cossonay 96, 1008 Prilly;Apartment;Prilly;yes;1,5;12439
3,5;93;2390;Ch. du Croset 11, 1024 Ecublens VD;Apartment;Ecublens;yes;1,5;13334
3,5;53;1960;Chemin de Rionza 21, 1020 Renens VD;Apartment;Renens;yes;1,5;21466
3,5;83;2650;Avenue de la Gare 55 D, 1022 Chavannes-Renens;Apartment;Renens;yes;1,5;21466
3,5;74;2640;Route de Vallaire 8, 1025 Saint-Sulpice;Apartment;Saint-Sulpice;yes;1,25;5138
4,5;130;3150;1020 Renens;Apartment;Renens;yes;1,5;21466
4,5;93;2650;1023 Crissier;Apartment;Crissier;yes;1,5;9327
3,5;79;1800;Avenue du Censuy 14, 1020 Renens;Apartment;Renens;yes;1,5;21466
2,5;45;1790;1023 Crissier;Apartment;Crissier;yes;1,5;9327
3,5;116;3200;1008 Prilly;Apartment;Prilly;yes;1,5;12439
1;10;20;Route du Bois 47, 61, 1024 Ecublens VD;Studio;Ecublens;no;1,5;13334
3,5;69;1470;55, avenue de la Vallombreuse, 1008 Prilly;Apartment;Prilly;yes;1,5;12439
6;150;3000;Ch. des Baumettes 36, 1008 Prilly;Apartment;Prilly;yes;1,5;12439
3,5;59;1850;34-36 Route de l'Industrie, 1030 Bussigny;Apartment;Bussigny;yes;1,25;10645
4,5;82;2140;34-36 Route de l'Industrie, 1030 Bussigny;Apartment;Bussigny;yes;1,25;10645
1;10;990;Rue de Crissier, 1020 Renens VD;Studio;Renens;no;1,5;21466
4;89;3020;Rue de Verdeaux 10A, 1020 Renens;Apartment;Renens;yes;1,5;21466
3,5;74;2190;Chemin des Sous-Bois 5, 1023 Crissier;Apartment;Crissier;yes;1,5;9327
1,5;24;1804;1025 St-Sulpice VD;Apartment;Saint-Sulpice;no;1,25;5138
2,5;60;2490;Rue du Centre, 1025 St-Sulpice VD;Apartment;Saint-Sulpice;yes;1,25;5138
5,5;133;2850;1022 Chavannes-prŠs-Renens;Apartment;Renens;yes;1,5;21466
3,5;100;1810;1022 Chavannes-prŠs-Renens;Apartment;Renens;yes;1,5;21466
2,5;69;1330;1022 Chavannes-prŠs-Renens;Apartment;Renens;yes;1,5;21466
2,5;47;1570;34-36 Route de l'Industrie, 1030 Bussigny;Apartment;Bussigny;yes;1,25;10645
2,5;59;1510;Avenue de Longemalle 20, 1020 Renens VD;Apartment;Renens;yes;1,5;21466
2,5;43;1965;Route de Neuchƒtel 18, 1008 Prilly;Apartment;Prilly;yes;1,5;12439
1,5;20;1710;Route de Neuchƒtel 18, 1008 Prilly;Apartment;Prilly;no;1,5;12439
3,5;79;1850;Avenue de Longemalle 24, 1020 Renens VD;Apartment;Renens;yes;1,5;21466
4,5;101;2790;Avenue Tir-F‚d‚ral, 1024 Ecublens VD;Apartment;Ecublens;yes;1,5;13334
5;144;3450;Rue du Centre 74, 1025 St-Sulpice VD;Apartment;Saint-Sulpice;yes;1,25;5138
3;74;1200;Rue de l'Industrie 6, 1020 Renens;Apartment;Renens;yes;1,5;21466
3;66;1835;Route de Marcolet 15A, 1023 Crissier;Apartment;Crissier;yes;1,5;9327
3,5;73;1910;Avenue de la Concorde, 1022 Chavannes-prŠs-Renens;Apartment;Renens;yes;1,5;21466
3,5;73;1910;Avenue de la Concorde, 1022 Chavannes-prŠs-Renens;Apartment;Renens;yes;1,5;21466
3;55;1600;Avenue Flor‚al 11, 1008 Prilly;Apartment;Prilly;yes;1,5;12439
2,5;62;2500;Rue du Centre 170, 1025 Saint-Sulpice;Apartment;Saint-Sulpice;yes;1,25;5138
2,5;53;1620;Chavannes-R. Dorigny, 1022 Chavannes-prŠs-Renens;Apartment;Renens;yes;1,5;21466
1,5;20;1910;Route de Neuchƒtel 18, 1008 Prilly;Apartment;Prilly;no;1,5;12439
3,5;77;2972;Chemin du Pƒqueret 6b, 1025 Saint-Sulpice;Apartment;Saint-Sulpice;yes;1,25;5138
3,5;79;2690;Route des Flumeaux 24, 1008 Prilly;Apartment;Prilly;yes;1,5;12439
2;72;1250;Rue de l'Industrie 6, 1020 Renens;Apartment;Renens;no;1,5;21466
3;54;1640;Rue de l'Industrie 9, 1020 RENENS;Apartment;Renens;yes;1,5;21466
4;72;1900;Route du Chasseur 13, 1008 Prilly;Apartment;Prilly;yes;1,5;12439
2,5;51;1624;Chemin des LentilliŠres 5B, 1023 Crissier;Apartment;Crissier;yes;1,5;9327
3,5;73;1816;Chemin des LentilliŠres 5F, 1023 Crissier;Apartment;Crissier;yes;1,5;9327
3,5;79;2570;Rte Cond‚mine, 1030 Bussigny;Apartment;Bussigny;yes;1,25;10645
4,5;104;2800;Rue d'Yverdon 7 Crissier, 1023 Crissier;Apartment;Crissier;yes;1,5;9327
1;85;995;Rue de la Baumettaz 6, 1023 Crissier;Studio;Crissier;no;1,5;9327
6;150;3250;route de cossonay 78, 1008 Prilly;Apartment;Prilly;yes;1,5;12439
1;20;1160;Chemin du Grand-Record 5, 1030 Bussigny;Studio;Bussigny;no;1,25;10645
1;22;700;Route de Neuchƒtel 20, 1008 PRILLY;Studio;Prilly;no;1,5;12439
4,5;162;3540;Route du Mont 3, 1008 Prilly;Apartment;Prilly;yes;1,5;12439
4,5;92;2600;Place des Berges 7, 1023 Crissier;Apartment;Crissier;yes;1,5;9327
1;27;550;Rue de Lausanne 5 - Bussigny, 1030 Bussigny;Studio;Bussigny;no;1,25;10645
2;46;1490;Ch. de Ros‚az, 1030 Bussigny;Apartment;Bussigny;no;1,25;10645
1,5;53;1583;Avenue d'Epenex 4a, 1020 Renens VD;Apartment;Renens;no;1,5;21466
2,5;56;1035;Chemin du Centenaire 6, 1008 Prilly;Apartment;Prilly;yes;1,5;12439
3,5;82;2190;Rue Saint-Germain, 2B, 1030 Bussigny;Apartment;Bussigny;yes;1,25;10645
4,5;120;3320;rte de Vallaire, 4A, 1025 St-Sulpice VD;Apartment;Saint-Sulpice;yes;1,25;5138
1;15;900;rue du centre 2b, 1023 Crissier;Studio;Crissier;no;1,5;9327
2,5;48;1800;Chemin du bochet 20, 1024 Ecublens VD;Apartment;Ecublens;yes;1,5;13334
1;9;900;Chemin des Clos 1 CH, 1020 Renens VD;Studio;Renens;no;1,5;21466
1;130;1065;Chemim des C“tes 4, 1020 Renens VD;Studio;Renens;no;1,5;21466
3,5;84;2195;Route d'Eguechaudens 9, 1030 Bussigny;Apartment;Bussigny;yes;1,25;10645
3,5;75;2435;En Coulaye 6, 1029 Villars-Ste-Croix;Apartment;Villars-Ste-Croix;yes;0,25;980
2;73;1835;Chemin de Mochettaz 10 - Bussigny, 1030 Bussigny;Apartment;Bussigny;no;1,25;10645
3,5;76;2499;All‚e des CŠdres 4, 1022 Chavannes-prŠs-Renens;Apartment;Renens;yes;1,5;21466
1;85;1095;Rue de la Baumettaz 6, 1023 Crissier;Studio;Crissier;no;1,5;9327
2,5;60;1901;Chemin de Corjon 11, 1020 Renens VD;Apartment;Renens;yes;1,5;21466
3,5;90;1945;Route de la MaladiŠre 44, 1022 Chavannes-prŠs-Renens;Apartment;Renens;yes;1,5;21466
3,5;85;2200;Rue de la Baumettaz 6, 1023 Crissier;Apartment;Crissier;yes;1,5;9327
4,5;129;3350;Chemin de belle vue 12, 1020 Renens VD;Apartment;Renens;yes;1,5;21466
4,5;108;2552;Chemin des LentilliŠres 7c, 1023 Crissier;Apartment;Crissier;yes;1,5;9327
4,5;123;3180;Route de la MaladiŠre 27, 1022 Chavannes-prŠs-Renens;Apartment;Renens;yes;1,5;21466
3,5;95;2450;1023 Crissier;Apartment;Crissier;yes;1,5;9327
1;10;975;Renens-Village, 1020 Renens VD;Studio;Renens;no;1,5;21466
1;120;1180;Champ-Perrin, 1030 Bussigny;Studio;Bussigny;no;1,25;10645
3,5;62;2020;Echandens, 1025 St-Sulpice VD;Apartment;Saint-Sulpice;yes;1,25;5138
2,5;65;1858;Bussigny, 1030 Bussigny;Apartment;Bussigny;yes;1,25;10645
2;45;1348;Ch. du Vieux-CollŠge 20, 1008 PRILLY;Apartment;Prilly;no;1,5;12439
1;13;1000;Bussigny, 1030 Bussigny;Studio;Bussigny;no;1,25;10645
3,5;66;1886;Eglise Catholique, 1020 Renens VD;Apartment;Renens;yes;1,5;21466
1,5;20;865;Le Sansy 8, 1029 Villars-Ste-Croix;Apartment;Villars-Ste-Croix;no;0,25;980
2;49;1560;Rue du Caudray, 1020 Renens VD;Apartment;Renens;no;1,5;21466
3,5;100;2200;Ecublens, 1024 Ecublens VD;Apartment;Ecublens;yes;1,5;13334
3,5;89;2760;St-Sulpice, 1025 St-Sulpice VD;Apartment;Saint-Sulpice;yes;1,25;5138
3,5;82;2100;Chemin de Praz, Crissier, 1023 Crissier;Apartment;Crissier;yes;1,5;9327
3,5;58;1810;Avenue du 1Mai 14, 1020 Renens VD;Apartment;Renens;yes;1,5;21466
4;90;1810;Rue de Lausanne 20, 1030 Bussigny-prŠs-Lausanne;Apartment;Lausanne;yes;1,5;144365
2,5;50;2123;Prilly, 1008 Prilly;Apartment;Prilly;yes;1,5;12439
1,5;34;1750;Rte de la MaladiŠre 46, 1022 Chavannes-prŠs-Renens;Apartment;Renens;no;1,5;21466
3,5;80;1810;AVENUE D EPENEX 1B, 1022 Chavannes-prŠs-Renens;Apartment;Renens;yes;1,5;21466
4,5;127;2550;Chemin de la forit, 1024 Ecublens VD;Apartment;Ecublens;yes;1,5;13334
3,5;75;2200;Rue du Chine, 1020 Renens VD;Apartment;Renens;yes;1,5;21466
1;650;13333;Rue de l'arc-en-ciel 12, 1030 Bussigny;Studio;Bussigny;no;1,25;10645
4,5;103;2734;Quartier Horizon, 1022 Chavannes-prŠs-Renens;Apartment;Renens;yes;1,5;21466
4,5;126;2790;Avenue du Censuy 7B, 1020 RENENS;Apartment;Renens;yes;1,5;21466
2,5;62;2500;Rue du centre 170 Saint Sulpice, 1025 St-Sulpice VD;Apartment;Saint-Sulpice;yes;1,25;5138
2,5;60;1689;Chemin du vieux CollŠge 7, 1008 Prilly;Apartment;Prilly;yes;1,5;12439
3,5;90;2585;Ch.du Martinet 6A, 1020 Renens VD;Apartment;Renens;yes;1,5;21466
2,5;80;2269;Chemin de Villars, 1030 Bussigny;Apartment;Bussigny;yes;1,25;10645
1;15;900;av de longemalle, 1020 Renens VD;Studio;Renens;no;1,5;21466
3,5;87;2325;Route de Chavannes, 1022 Chavannes-prŠs-Renens;Apartment;Renens;yes;1,5;21466
2;50;2090;Chemin des Creuses 30, 1008 Prilly;Apartment;Prilly;no;1,5;12439
1;16;850;Ecublens, 1024 Ecublens VD;Studio;Ecublens;no;1,5;13334
2,5;45;1790;1023 Crissier;Apartment;Crissier;yes;1,5;9327
2,5;60;1681;1020 Renens;Apartment;Renens;yes;1,5;21466
4;95;2739;Chemin des jonchets 5, 1030 Bussigny;Apartment;Bussigny;yes;1,25;10645
1;15;880;Chavannes-pres-Renens, 1022 Chavannes-prŠs-Renens;Studio;Renens;no;1,5;21466
1;18;820;Renens, 1020 Renens VD;Studio;Renens;no;1,5;21466
3,5;130;3150;Prilly, 1008 Prilly;Apartment;Prilly;yes;1,5;12439
1;14;1000;All‚e des CŠdres, 1022 Chavannes-prŠs-Renens;Studio;Renens;no;1,5;21466
1,5;26;800;Veilloud 14, 1024 Ecublens VD;Apartment;Ecublens;no;1,5;13334
4,5;100;2895;1020 Renens VD;Apartment;Renens;yes;1,5;21466
2;51;1360;1024 Ecublens VD;Apartment;Ecublens;no;1,5;13334
2,5;75;1780;1022 Chavannes-prŠs-Renens;Apartment;Renens;yes;1,5;21466
1;16;1200;1020 Renens VD;Studio;Renens;no;1,5;21466
3,5;81;2450;Eguechaudens, 1030 Bussigny;Apartment;Bussigny;yes;1,25;10645
1;26;800;Chemin de Rionza 17, 1020 Renens VD;Studio;Renens;no;1,5;21466
4,5;94;2730;1029 Villars-Ste-Croix;Apartment;Villars-Ste-Croix;yes;0,25;980
2,5;52;1000;Prilly, 1008 Prilly;Apartment;Prilly;yes;1,5;12439
2,5;65;1770;LentilliŠres 1 c, 1023 Crissier;Apartment;Crissier;yes;1,5;9327
1;18;800;Prilly, 1008 Prilly;Studio;Prilly;no;1,5;12439
1;10;750;Chavannes-prŠs-Renens, 1022 Chavannes-prŠs-Renens;Studio;Renens;no;1,5;21466
2,5;75;2140;1030 Bussigny;Apartment;Bussigny;yes;1,25;10645
2,5;61;1170;Rue de la Blancherie, 1022 Chavannes-prŠs-Renens;Apartment;Renens;yes;1,5;21466
3,5;67;1500;1024 Ecublens VD;Apartment;Ecublens;yes;1,5;13334
3;76;2122;1030 Bussigny;Apartment;Bussigny;yes;1,25;10645
10;550;12000;1029 Villars-Ste-Croix;House;Villars-Ste-Croix;no;0,25;980
6,5;180;4230;Au Ferrajoz 8, 1029 Villars-Ste-Croix;House;Villars-Ste-Croix;yes;0,25;980
6,5;180;4230;Au Ferrajoz 8, 1029 Villars-Ste-Croix;House;Villars-Ste-Croix;yes;0,25;980
6,5;180;4230;Au Ferrajoz 8, 1029 Villars-Ste-Croix;House;Villars-Ste-Croix;yes;0,25;980
4;160;4400;1023 Crissier;House;Crissier;yes;1,5;9327
2,5;70;2650;Saint-Sulpice, 1025 St-Sulpice VD;House;Saint-Sulpice;yes;1,25;5138
6;200;4300;Avenue du Chƒteau 86, 1008 Prilly;House;Prilly;yes;1,5;12439
